client_id,round_number,hierarchy,num_samples,set,accuracy,loss
ALLS_WELL_THAT_ENDS_WELL_COUNTESS,0,"T,H,E, ,T,R,A,G,E,D,Y, ,O,F, ,M,A,C,B,E,T,H",11419,test,0.0009337068160597573,4.383628845214844
ALLS_WELL_THAT_ENDS_WELL_HELENA,0,"K,I,N,G, ,R,I,C,H,A,R,D, ,I,I,I",18616,test,0.0011166945840312675,4.383333683013916
ALLS_WELL_THAT_ENDS_WELL_PAROLLES,0,"T,H,E, ,T,A,M,I,N,G, ,O,F, ,T,H,E, ,S,H,R,E,W",15816,test,0.0006618133686300463,4.3835039138793945
AS_YOU_LIKE_IT_OLIVER,0,"T,H,E, ,T,R,A,G,E,D,Y, ,O,F, ,J,U,L,I,U,S, ,C,A,E,S,A,R",6097,test,0.0018552875695732839,4.383351802825928
A_MIDSUMMER_NIGHT_S_DREAM_BOTTOM,0,"S,E,C,O,N,D, ,P,A,R,T, ,O,F, ,K,I,N,G, ,H,E,N,R,Y, ,I,V",8626,test,0.0,4.383541107177734
CYMBELINE_SECOND_LORD,0,"K,I,N,G, ,R,I,C,H,A,R,D, ,T,H,E, ,S,E,C,O,N,D",1627,test,0.0,4.382404327392578
KING_HENRY_THE_EIGHTH_CAMPEIUS,0,"M,U,C,H, ,A,D,O, ,A,B,O,U,T, ,N,O,T,H,I,N,G",1884,test,0.0,4.384227752685547
KING_HENRY_THE_EIGHTH_QUEEN_KATHARINE,0,"A, ,M,I,D,S,U,M,M,E,R, ,N,I,G,H,T,',S, ,D,R,E,A,M",11059,test,0.0,4.383142948150635
KING_JOHN_BASTARD,0,"S,E,C,O,N,D, ,P,A,R,T, ,O,F, ,K,I,N,G, ,H,E,N,R,Y, ,I,V",21650,test,0.0,4.383151054382324
KING_JOHN_PRINCE_HENRY,0,"C,Y,M,B,E,L,I,N,E",1054,test,0.0,4.382150650024414
KING_RICHARD_III_CATESBY,0,"T,H,E, ,S,E,C,O,N,D, ,P,A,R,T, ,O,F, ,K,I,N,G, ,H,E,N,R,Y, ,T,H,E, ,S,I,X,T,H",2178,test,0.0,4.383113861083984
KING_RICHARD_III_CLARENCE,0,"T,H,E, ,T,R,A,G,E,D,Y, ,O,F, ,A,N,T,O,N,Y, ,A,N,D, ,C,L,E,O,P,A,T,R,A",6480,test,0.0,4.383173942565918
KING_RICHARD_III_PRINCE,0,"K,I,N,G, ,R,I,C,H,A,R,D, ,I,I,I",1711,test,0.01,4.381800651550293
KING_RICHARD_THE_SECOND_PERCY,0,"T,H,E, ,T,R,A,G,E,D,Y, ,O,F, ,J,U,L,I,U,S, ,C,A,E,S,A,R",1704,test,0.0,4.382097244262695
MUCH_ADO_ABOUT_NOTHING_LEON,0,"T,H,E, ,T,R,A,G,E,D,Y, ,O,F, ,J,U,L,I,U,S, ,C,A,E,S,A,R",14208,test,0.0,4.383236885070801
MUCH_ADO_ABOUT_NOTHING_PEDRO,0,"K,I,N,G, ,J,O,H,N",13192,test,0.0008006405124099279,4.383463382720947
SECOND_PART_OF_KING_HENRY_IV_KING,0,"T,H,E, ,F,I,R,S,T, ,P,A,R,T, ,O,F, ,H,E,N,R,Y, ,T,H,E, ,S,I,X,T,H",16509,test,0.0,4.383455276489258
SECOND_PART_OF_KING_HENRY_IV_MORTON,0,"T,H,E, ,T,A,M,I,N,G, ,O,F, ,T,H,E, ,S,H,R,E,W",3312,test,0.0,4.3827362060546875
THE_FIRST_PART_OF_HENRY_THE_SIXTH_BURGUNDY,0,"A,S, ,Y,O,U, ,L,I,K,E, ,I,T",1691,test,0.0,4.383520126342773
THE_FIRST_PART_OF_HENRY_THE_SIXTH_CHARLES,0,"K,I,N,G, ,R,I,C,H,A,R,D, ,I,I,I",6037,test,0.0,4.383218288421631
THE_MERCHANT_OF_VENICE_DUKE_OF_VENICE,0,"T,H,E, ,T,R,A,G,E,D,Y, ,O,F, ,C,O,R,I,O,L,A,N,U,S",2153,test,0.0,4.382455348968506
THE_SECOND_PART_OF_KING_HENRY_THE_SIXTH_YOUNG_CLIFFORD,0,"T,H,E, ,T,R,A,G,E,D,Y, ,O,F, ,J,U,L,I,U,S, ,C,A,E,S,A,R",1778,test,0.0,4.382746696472168
THE_TAMING_OF_THE_SHREW_CURTIS,0,"A,L,L,S, ,W,E,L,L, ,T,H,A,T, ,E,N,D,S, ,W,E,L,L",744,test,0.0,4.380620956420898
THE_TAMING_OF_THE_SHREW_GRUMIO,0,"A,L,L,S, ,W,E,L,L, ,T,H,A,T, ,E,N,D,S, ,W,E,L,L",7274,test,0.0,4.383572578430176
THE_TRAGEDY_OF_ANTONY_AND_CLEOPATRA_SOLDIER,0,"T,H,E, ,F,I,R,S,T, ,P,A,R,T, ,O,F, ,H,E,N,R,Y, ,T,H,E, ,S,I,X,T,H",1124,test,0.0,4.382436275482178
THE_TRAGEDY_OF_CORIOLANUS_FIRST_SENATOR,0,"T,H,E, ,W,I,N,T,E,R,',S, ,T,A,L,E",1866,test,0.0,4.3836259841918945
THE_TRAGEDY_OF_JULIUS_CAESAR_LUCILIUS,0,"T,H,E, ,M,E,R,C,H,A,N,T, ,O,F, ,V,E,N,I,C,E",902,test,0.0,4.382781982421875
THE_TRAGEDY_OF_JULIUS_CAESAR_MARULLUS,0,"A,L,L,S, ,W,E,L,L, ,T,H,A,T, ,E,N,D,S, ,W,E,L,L",1135,test,0.0,4.383764743804932
THE_TRAGEDY_OF_JULIUS_CAESAR_PORTIA,0,"K,I,N,G, ,H,E,N,R,Y, ,T,H,E, ,E,I,G,H,T,H",3573,test,0.0,4.38332462310791
THE_TRAGEDY_OF_JULIUS_CAESAR_SERVANT,0,"K,I,N,G, ,J,O,H,N",1014,test,0.0,4.382707118988037
THE_TRAGEDY_OF_MACBETH_SERGEANT,0,"K,I,N,G, ,H,E,N,R,Y, ,T,H,E, ,E,I,G,H,T,H",1235,test,0.0,4.382781028747559
THE_WINTER_S_TALE_PAULINA,0,"M,U,C,H, ,A,D,O, ,A,B,O,U,T, ,N,O,T,H,I,N,G",12642,test,0.0008375209380234506,4.383534908294678
ALLS_WELL_THAT_ENDS_WELL_COUNTESS,1,"T,H,E, ,T,R,A,G,E,D,Y, ,O,F, ,M,A,C,B,E,T,H",11419,train,0.09219172787011982,3.179140567779541
ALLS_WELL_THAT_ENDS_WELL_HELENA,1,"K,I,N,G, ,R,I,C,H,A,R,D, ,I,I,I",18616,train,0.09040118870728084,3.175903081893921
ALLS_WELL_THAT_ENDS_WELL_PAROLLES,1,"T,H,E, ,T,A,M,I,N,G, ,O,F, ,T,H,E, ,S,H,R,E,W",15816,train,0.08556448794127927,3.1885921955108643
AS_YOU_LIKE_IT_OLIVER,1,"T,H,E, ,T,R,A,G,E,D,Y, ,O,F, ,J,U,L,I,U,S, ,C,A,E,S,A,R",6097,train,0.08582223821518532,3.1784327030181885
A_MIDSUMMER_NIGHT_S_DREAM_BOTTOM,1,"S,E,C,O,N,D, ,P,A,R,T, ,O,F, ,K,I,N,G, ,H,E,N,R,Y, ,I,V",8626,train,0.08731171815164666,3.192125082015991
CYMBELINE_SECOND_LORD,1,"K,I,N,G, ,R,I,C,H,A,R,D, ,T,H,E, ,S,E,C,O,N,D",1627,train,0.0781758957654723,3.236415386199951
KING_HENRY_THE_EIGHTH_CAMPEIUS,1,"M,U,C,H, ,A,D,O, ,A,B,O,U,T, ,N,O,T,H,I,N,G",1884,train,0.08323895809739525,3.1999073028564453
KING_HENRY_THE_EIGHTH_QUEEN_KATHARINE,1,"A, ,M,I,D,S,U,M,M,E,R, ,N,I,G,H,T,',S, ,D,R,E,A,M",11059,train,0.08878691141260973,3.2116785049438477
KING_JOHN_BASTARD,1,"S,E,C,O,N,D, ,P,A,R,T, ,O,F, ,K,I,N,G, ,H,E,N,R,Y, ,I,V",21650,train,0.08283902638576396,3.2005529403686523
KING_JOHN_PRINCE_HENRY,1,"C,Y,M,B,E,L,I,N,E",1054,train,0.08635917566241413,3.1812047958374023
KING_RICHARD_III_CATESBY,1,"T,H,E, ,S,E,C,O,N,D, ,P,A,R,T, ,O,F, ,K,I,N,G, ,H,E,N,R,Y, ,T,H,E, ,S,I,X,T,H",2178,train,0.08222550467749877,3.1945440769195557
KING_RICHARD_III_CLARENCE,1,"T,H,E, ,T,R,A,G,E,D,Y, ,O,F, ,A,N,T,O,N,Y, ,A,N,D, ,C,L,E,O,P,A,T,R,A",6480,train,0.09029307131966796,3.1865127086639404
KING_RICHARD_III_PRINCE,1,"K,I,N,G, ,R,I,C,H,A,R,D, ,I,I,I",1711,train,0.08069522036002483,3.2325875759124756
KING_RICHARD_THE_SECOND_PERCY,1,"T,H,E, ,T,R,A,G,E,D,Y, ,O,F, ,J,U,L,I,U,S, ,C,A,E,S,A,R",1704,train,0.0928927680798005,3.186713695526123
MUCH_ADO_ABOUT_NOTHING_LEON,1,"T,H,E, ,T,R,A,G,E,D,Y, ,O,F, ,J,U,L,I,U,S, ,C,A,E,S,A,R",14208,train,0.08710530409083839,3.1780998706817627
MUCH_ADO_ABOUT_NOTHING_PEDRO,1,"K,I,N,G, ,J,O,H,N",13192,train,0.0869128359708616,3.1623570919036865
SECOND_PART_OF_KING_HENRY_IV_KING,1,"T,H,E, ,F,I,R,S,T, ,P,A,R,T, ,O,F, ,H,E,N,R,Y, ,T,H,E, ,S,I,X,T,H",16509,train,0.08922231897648872,3.1836211681365967
SECOND_PART_OF_KING_HENRY_IV_MORTON,1,"T,H,E, ,T,A,M,I,N,G, ,O,F, ,T,H,E, ,S,H,R,E,W",3312,train,0.08161258603736479,3.1591293811798096
THE_FIRST_PART_OF_HENRY_THE_SIXTH_BURGUNDY,1,"A,S, ,Y,O,U, ,L,I,K,E, ,I,T",1691,train,0.09792843691148775,3.186239242553711
THE_FIRST_PART_OF_HENRY_THE_SIXTH_CHARLES,1,"K,I,N,G, ,R,I,C,H,A,R,D, ,I,I,I",6037,train,0.09138808139534883,3.2867488861083984
THE_MERCHANT_OF_VENICE_DUKE_OF_VENICE,1,"T,H,E, ,T,R,A,G,E,D,Y, ,O,F, ,C,O,R,I,O,L,A,N,U,S",2153,train,0.08964143426294821,3.1551544666290283
THE_SECOND_PART_OF_KING_HENRY_THE_SIXTH_YOUNG_CLIFFORD,1,"T,H,E, ,T,R,A,G,E,D,Y, ,O,F, ,J,U,L,I,U,S, ,C,A,E,S,A,R",1778,train,0.08856971873129862,3.204404592514038
THE_TAMING_OF_THE_SHREW_CURTIS,1,"A,L,L,S, ,W,E,L,L, ,T,H,A,T, ,E,N,D,S, ,W,E,L,L",744,train,0.0945945945945946,3.152228355407715
THE_TAMING_OF_THE_SHREW_GRUMIO,1,"A,L,L,S, ,W,E,L,L, ,T,H,A,T, ,E,N,D,S, ,W,E,L,L",7274,train,0.08432824542844189,3.1820623874664307
THE_TRAGEDY_OF_ANTONY_AND_CLEOPATRA_SOLDIER,1,"T,H,E, ,F,I,R,S,T, ,P,A,R,T, ,O,F, ,H,E,N,R,Y, ,T,H,E, ,S,I,X,T,H",1124,train,0.08317929759704251,3.222755193710327
THE_TRAGEDY_OF_CORIOLANUS_FIRST_SENATOR,1,"T,H,E, ,W,I,N,T,E,R,',S, ,T,A,L,E",1866,train,0.09257142857142857,3.2357985973358154
THE_TRAGEDY_OF_JULIUS_CAESAR_LUCILIUS,1,"T,H,E, ,M,E,R,C,H,A,N,T, ,O,F, ,V,E,N,I,C,E",902,train,0.08163265306122448,3.1966278553009033
THE_TRAGEDY_OF_JULIUS_CAESAR_MARULLUS,1,"A,L,L,S, ,W,E,L,L, ,T,H,A,T, ,E,N,D,S, ,W,E,L,L",1135,train,0.08516483516483517,3.192185401916504
THE_TRAGEDY_OF_JULIUS_CAESAR_PORTIA,1,"K,I,N,G, ,H,E,N,R,Y, ,T,H,E, ,E,I,G,H,T,H",3573,train,0.07699330493000608,3.1786253452301025
THE_TRAGEDY_OF_JULIUS_CAESAR_SERVANT,1,"K,I,N,G, ,J,O,H,N",1014,train,0.0752797558494405,3.223737955093384
THE_TRAGEDY_OF_MACBETH_SERGEANT,1,"K,I,N,G, ,H,E,N,R,Y, ,T,H,E, ,E,I,G,H,T,H",1235,train,0.09306260575296109,3.2066454887390137
THE_WINTER_S_TALE_PAULINA,1,"M,U,C,H, ,A,D,O, ,A,B,O,U,T, ,N,O,T,H,I,N,G",12642,train,0.08778825995807128,3.200695276260376
ALLS_WELL_THAT_ENDS_WELL_COUNTESS,1,"T,H,E, ,T,R,A,G,E,D,Y, ,O,F, ,M,A,C,B,E,T,H",11419,test,0.1092436974789916,3.149092674255371
ALLS_WELL_THAT_ENDS_WELL_HELENA,1,"K,I,N,G, ,R,I,C,H,A,R,D, ,I,I,I",18616,test,0.0876605248464545,3.172584295272827
ALLS_WELL_THAT_ENDS_WELL_PAROLLES,1,"T,H,E, ,T,A,M,I,N,G, ,O,F, ,T,H,E, ,S,H,R,E,W",15816,test,0.08669755129053607,3.1724705696105957
AS_YOU_LIKE_IT_OLIVER,1,"T,H,E, ,T,R,A,G,E,D,Y, ,O,F, ,J,U,L,I,U,S, ,C,A,E,S,A,R",6097,test,0.09461966604823747,3.14205265045166
A_MIDSUMMER_NIGHT_S_DREAM_BOTTOM,1,"S,E,C,O,N,D, ,P,A,R,T, ,O,F, ,K,I,N,G, ,H,E,N,R,Y, ,I,V",8626,test,0.0845959595959596,3.1325995922088623
CYMBELINE_SECOND_LORD,1,"K,I,N,G, ,R,I,C,H,A,R,D, ,T,H,E, ,S,E,C,O,N,D",1627,test,0.06521739130434782,3.2383642196655273
KING_HENRY_THE_EIGHTH_CAMPEIUS,1,"M,U,C,H, ,A,D,O, ,A,B,O,U,T, ,N,O,T,H,I,N,G",1884,test,0.09322033898305085,3.0316402912139893
KING_HENRY_THE_EIGHTH_QUEEN_KATHARINE,1,"A, ,M,I,D,S,U,M,M,E,R, ,N,I,G,H,T,',S, ,D,R,E,A,M",11059,test,0.09758454106280193,3.212623357772827
KING_JOHN_BASTARD,1,"S,E,C,O,N,D, ,P,A,R,T, ,O,F, ,K,I,N,G, ,H,E,N,R,Y, ,I,V",21650,test,0.10219675262655205,3.159599781036377
KING_JOHN_PRINCE_HENRY,1,"C,Y,M,B,E,L,I,N,E",1054,test,0.02857142857142857,2.946227550506592
KING_RICHARD_III_CATESBY,1,"T,H,E, ,S,E,C,O,N,D, ,P,A,R,T, ,O,F, ,K,I,N,G, ,H,E,N,R,Y, ,T,H,E, ,S,I,X,T,H",2178,test,0.06802721088435375,3.3349056243896484
KING_RICHARD_III_CLARENCE,1,"T,H,E, ,T,R,A,G,E,D,Y, ,O,F, ,A,N,T,O,N,Y, ,A,N,D, ,C,L,E,O,P,A,T,R,A",6480,test,0.09185441941074524,3.138110637664795
KING_RICHARD_III_PRINCE,1,"K,I,N,G, ,R,I,C,H,A,R,D, ,I,I,I",1711,test,0.06,3.929042339324951
KING_RICHARD_THE_SECOND_PERCY,1,"T,H,E, ,T,R,A,G,E,D,Y, ,O,F, ,J,U,L,I,U,S, ,C,A,E,S,A,R",1704,test,0.1,3.1463735103607178
MUCH_ADO_ABOUT_NOTHING_LEON,1,"T,H,E, ,T,R,A,G,E,D,Y, ,O,F, ,J,U,L,I,U,S, ,C,A,E,S,A,R",14208,test,0.09333333333333334,3.1842315196990967
MUCH_ADO_ABOUT_NOTHING_PEDRO,1,"K,I,N,G, ,J,O,H,N",13192,test,0.08807045636509207,3.176304817199707
SECOND_PART_OF_KING_HENRY_IV_KING,1,"T,H,E, ,F,I,R,S,T, ,P,A,R,T, ,O,F, ,H,E,N,R,Y, ,T,H,E, ,S,I,X,T,H",16509,test,0.08924050632911393,3.1851866245269775
SECOND_PART_OF_KING_HENRY_IV_MORTON,1,"T,H,E, ,T,A,M,I,N,G, ,O,F, ,T,H,E, ,S,H,R,E,W",3312,test,0.09195402298850575,3.1846609115600586
THE_FIRST_PART_OF_HENRY_THE_SIXTH_BURGUNDY,1,"A,S, ,Y,O,U, ,L,I,K,E, ,I,T",1691,test,0.08163265306122448,3.051420211791992
THE_FIRST_PART_OF_HENRY_THE_SIXTH_CHARLES,1,"K,I,N,G, ,R,I,C,H,A,R,D, ,I,I,I",6037,test,0.0825515947467167,3.19525408744812
THE_MERCHANT_OF_VENICE_DUKE_OF_VENICE,1,"T,H,E, ,T,R,A,G,E,D,Y, ,O,F, ,C,O,R,I,O,L,A,N,U,S",2153,test,0.05517241379310345,3.432474136352539
THE_SECOND_PART_OF_KING_HENRY_THE_SIXTH_YOUNG_CLIFFORD,1,"T,H,E, ,T,R,A,G,E,D,Y, ,O,F, ,J,U,L,I,U,S, ,C,A,E,S,A,R",1778,test,0.102803738317757,3.198655366897583
THE_TAMING_OF_THE_SHREW_CURTIS,1,"A,L,L,S, ,W,E,L,L, ,T,H,A,T, ,E,N,D,S, ,W,E,L,L",744,test,0.0,4.828253746032715
THE_TAMING_OF_THE_SHREW_GRUMIO,1,"A,L,L,S, ,W,E,L,L, ,T,H,A,T, ,E,N,D,S, ,W,E,L,L",7274,test,0.091324200913242,3.1563730239868164
THE_TRAGEDY_OF_ANTONY_AND_CLEOPATRA_SOLDIER,1,"T,H,E, ,F,I,R,S,T, ,P,A,R,T, ,O,F, ,H,E,N,R,Y, ,T,H,E, ,S,I,X,T,H",1124,test,0.09523809523809523,3.3752071857452393
THE_TRAGEDY_OF_CORIOLANUS_FIRST_SENATOR,1,"T,H,E, ,W,I,N,T,E,R,',S, ,T,A,L,E",1866,test,0.1206896551724138,3.135725975036621
THE_TRAGEDY_OF_JULIUS_CAESAR_LUCILIUS,1,"T,H,E, ,M,E,R,C,H,A,N,T, ,O,F, ,V,E,N,I,C,E",902,test,0.05,3.2173829078674316
THE_TRAGEDY_OF_JULIUS_CAESAR_MARULLUS,1,"A,L,L,S, ,W,E,L,L, ,T,H,A,T, ,E,N,D,S, ,W,E,L,L",1135,test,0.06976744186046512,3.2522010803222656
THE_TRAGEDY_OF_JULIUS_CAESAR_PORTIA,1,"K,I,N,G, ,H,E,N,R,Y, ,T,H,E, ,E,I,G,H,T,H",3573,test,0.0975609756097561,3.203974485397339
THE_TRAGEDY_OF_JULIUS_CAESAR_SERVANT,1,"K,I,N,G, ,J,O,H,N",1014,test,0.12903225806451613,3.0933663845062256
THE_TRAGEDY_OF_MACBETH_SERGEANT,1,"K,I,N,G, ,H,E,N,R,Y, ,T,H,E, ,E,I,G,H,T,H",1235,test,0.05660377358490566,3.313612699508667
THE_WINTER_S_TALE_PAULINA,1,"M,U,C,H, ,A,D,O, ,A,B,O,U,T, ,N,O,T,H,I,N,G",12642,test,0.09463986599664992,3.216317892074585
ALLS_WELL_THAT_ENDS_WELL_COUNTESS,2,"T,H,E, ,T,R,A,G,E,D,Y, ,O,F, ,M,A,C,B,E,T,H",11419,train,0.1884422110552764,3.117794990539551
ALLS_WELL_THAT_ENDS_WELL_HELENA,2,"K,I,N,G, ,R,I,C,H,A,R,D, ,I,I,I",18616,train,0.1901931649331352,3.115478038787842
ALLS_WELL_THAT_ENDS_WELL_PAROLLES,2,"T,H,E, ,T,A,M,I,N,G, ,O,F, ,T,H,E, ,S,H,R,E,W",15816,train,0.188465571478504,3.130767583847046
AS_YOU_LIKE_IT_OLIVER,2,"T,H,E, ,T,R,A,G,E,D,Y, ,O,F, ,J,U,L,I,U,S, ,C,A,E,S,A,R",6097,train,0.1869377473911479,3.1112356185913086
A_MIDSUMMER_NIGHT_S_DREAM_BOTTOM,2,"S,E,C,O,N,D, ,P,A,R,T, ,O,F, ,K,I,N,G, ,H,E,N,R,Y, ,I,V",8626,train,0.18955833546081186,3.134129285812378
CYMBELINE_SECOND_LORD,2,"K,I,N,G, ,R,I,C,H,A,R,D, ,T,H,E, ,S,E,C,O,N,D",1627,train,0.18762214983713354,3.1843268871307373
KING_HENRY_THE_EIGHTH_CAMPEIUS,2,"M,U,C,H, ,A,D,O, ,A,B,O,U,T, ,N,O,T,H,I,N,G",1884,train,0.1823329558323896,3.1600120067596436
KING_HENRY_THE_EIGHTH_QUEEN_KATHARINE,2,"A, ,M,I,D,S,U,M,M,E,R, ,N,I,G,H,T,',S, ,D,R,E,A,M",11059,train,0.186951316839585,3.1590633392333984
KING_JOHN_BASTARD,2,"S,E,C,O,N,D, ,P,A,R,T, ,O,F, ,K,I,N,G, ,H,E,N,R,Y, ,I,V",21650,train,0.18608099815913276,3.1452107429504395
KING_JOHN_PRINCE_HENRY,2,"C,Y,M,B,E,L,I,N,E",1054,train,0.17958783120706576,3.127164125442505
KING_RICHARD_III_CATESBY,2,"T,H,E, ,S,E,C,O,N,D, ,P,A,R,T, ,O,F, ,K,I,N,G, ,H,E,N,R,Y, ,T,H,E, ,S,I,X,T,H",2178,train,0.19103889709502708,3.1479384899139404
KING_RICHARD_III_CLARENCE,2,"T,H,E, ,T,R,A,G,E,D,Y, ,O,F, ,A,N,T,O,N,Y, ,A,N,D, ,C,L,E,O,P,A,T,R,A",6480,train,0.18837879044553618,3.135524272918701
KING_RICHARD_III_PRINCE,2,"K,I,N,G, ,R,I,C,H,A,R,D, ,I,I,I",1711,train,0.19490999379267535,3.177058696746826
KING_RICHARD_THE_SECOND_PERCY,2,"T,H,E, ,T,R,A,G,E,D,Y, ,O,F, ,J,U,L,I,U,S, ,C,A,E,S,A,R",1704,train,0.185785536159601,3.1428637504577637
MUCH_ADO_ABOUT_NOTHING_LEON,2,"T,H,E, ,T,R,A,G,E,D,Y, ,O,F, ,J,U,L,I,U,S, ,C,A,E,S,A,R",14208,train,0.190231762326956,3.1195783615112305
MUCH_ADO_ABOUT_NOTHING_PEDRO,2,"K,I,N,G, ,J,O,H,N",13192,train,0.19233023528426693,3.0979855060577393
SECOND_PART_OF_KING_HENRY_IV_KING,2,"T,H,E, ,F,I,R,S,T, ,P,A,R,T, ,O,F, ,H,E,N,R,Y, ,T,H,E, ,S,I,X,T,H",16509,train,0.18527697769442025,3.1280624866485596
SECOND_PART_OF_KING_HENRY_IV_MORTON,2,"T,H,E, ,T,A,M,I,N,G, ,O,F, ,T,H,E, ,S,H,R,E,W",3312,train,0.18321861684693544,3.1075098514556885
THE_FIRST_PART_OF_HENRY_THE_SIXTH_BURGUNDY,2,"A,S, ,Y,O,U, ,L,I,K,E, ,I,T",1691,train,0.1807909604519774,3.1443638801574707
THE_FIRST_PART_OF_HENRY_THE_SIXTH_CHARLES,2,"K,I,N,G, ,R,I,C,H,A,R,D, ,I,I,I",6037,train,0.17986918604651161,3.252033233642578
THE_MERCHANT_OF_VENICE_DUKE_OF_VENICE,2,"T,H,E, ,T,R,A,G,E,D,Y, ,O,F, ,C,O,R,I,O,L,A,N,U,S",2153,train,0.18127490039840638,3.0983376502990723
THE_SECOND_PART_OF_KING_HENRY_THE_SIXTH_YOUNG_CLIFFORD,2,"T,H,E, ,T,R,A,G,E,D,Y, ,O,F, ,J,U,L,I,U,S, ,C,A,E,S,A,R",1778,train,0.1891083183722322,3.1472079753875732
THE_TAMING_OF_THE_SHREW_CURTIS,2,"A,L,L,S, ,W,E,L,L, ,T,H,A,T, ,E,N,D,S, ,W,E,L,L",744,train,0.19324324324324324,3.0894603729248047
THE_TAMING_OF_THE_SHREW_GRUMIO,2,"A,L,L,S, ,W,E,L,L, ,T,H,A,T, ,E,N,D,S, ,W,E,L,L",7274,train,0.1943478917938643,3.1154253482818604
THE_TRAGEDY_OF_ANTONY_AND_CLEOPATRA_SOLDIER,2,"T,H,E, ,F,I,R,S,T, ,P,A,R,T, ,O,F, ,H,E,N,R,Y, ,T,H,E, ,S,I,X,T,H",1124,train,0.18576709796672827,3.1681275367736816
THE_TRAGEDY_OF_CORIOLANUS_FIRST_SENATOR,2,"T,H,E, ,W,I,N,T,E,R,',S, ,T,A,L,E",1866,train,0.18114285714285713,3.191357374191284
THE_TRAGEDY_OF_JULIUS_CAESAR_LUCILIUS,2,"T,H,E, ,M,E,R,C,H,A,N,T, ,O,F, ,V,E,N,I,C,E",902,train,0.1836734693877551,3.1464550495147705
THE_TRAGEDY_OF_JULIUS_CAESAR_MARULLUS,2,"A,L,L,S, ,W,E,L,L, ,T,H,A,T, ,E,N,D,S, ,W,E,L,L",1135,train,0.18406593406593408,3.119577646255493
THE_TRAGEDY_OF_JULIUS_CAESAR_PORTIA,2,"K,I,N,G, ,H,E,N,R,Y, ,T,H,E, ,E,I,G,H,T,H",3573,train,0.1938527084601339,3.099498748779297
THE_TRAGEDY_OF_JULIUS_CAESAR_SERVANT,2,"K,I,N,G, ,J,O,H,N",1014,train,0.1861648016276704,3.1680874824523926
THE_TRAGEDY_OF_MACBETH_SERGEANT,2,"K,I,N,G, ,H,E,N,R,Y, ,T,H,E, ,E,I,G,H,T,H",1235,train,0.16666666666666666,3.179027557373047
THE_WINTER_S_TALE_PAULINA,2,"M,U,C,H, ,A,D,O, ,A,B,O,U,T, ,N,O,T,H,I,N,G",12642,train,0.18911600279524807,3.14804744720459
ALLS_WELL_THAT_ENDS_WELL_COUNTESS,2,"T,H,E, ,T,R,A,G,E,D,Y, ,O,F, ,M,A,C,B,E,T,H",11419,test,0.19047619047619047,3.1120572090148926
ALLS_WELL_THAT_ENDS_WELL_HELENA,2,"K,I,N,G, ,R,I,C,H,A,R,D, ,I,I,I",18616,test,0.19932998324958123,3.1058294773101807
ALLS_WELL_THAT_ENDS_WELL_PAROLLES,2,"T,H,E, ,T,A,M,I,N,G, ,O,F, ,T,H,E, ,S,H,R,E,W",15816,test,0.19655857048312375,3.1088643074035645
AS_YOU_LIKE_IT_OLIVER,2,"T,H,E, ,T,R,A,G,E,D,Y, ,O,F, ,J,U,L,I,U,S, ,C,A,E,S,A,R",6097,test,0.19109461966604824,3.0733118057250977
A_MIDSUMMER_NIGHT_S_DREAM_BOTTOM,2,"S,E,C,O,N,D, ,P,A,R,T, ,O,F, ,K,I,N,G, ,H,E,N,R,Y, ,I,V",8626,test,0.1994949494949495,3.0548624992370605
CYMBELINE_SECOND_LORD,2,"K,I,N,G, ,R,I,C,H,A,R,D, ,T,H,E, ,S,E,C,O,N,D",1627,test,0.1956521739130435,3.2082271575927734
KING_HENRY_THE_EIGHTH_CAMPEIUS,2,"M,U,C,H, ,A,D,O, ,A,B,O,U,T, ,N,O,T,H,I,N,G",1884,test,0.211864406779661,2.9778594970703125
KING_HENRY_THE_EIGHTH_QUEEN_KATHARINE,2,"A, ,M,I,D,S,U,M,M,E,R, ,N,I,G,H,T,',S, ,D,R,E,A,M",11059,test,0.18647342995169083,3.1577377319335938
KING_JOHN_BASTARD,2,"S,E,C,O,N,D, ,P,A,R,T, ,O,F, ,K,I,N,G, ,H,E,N,R,Y, ,I,V",21650,test,0.19006685768863418,3.1025936603546143
KING_JOHN_PRINCE_HENRY,2,"C,Y,M,B,E,L,I,N,E",1054,test,0.2571428571428571,2.794104814529419
KING_RICHARD_III_CATESBY,2,"T,H,E, ,S,E,C,O,N,D, ,P,A,R,T, ,O,F, ,K,I,N,G, ,H,E,N,R,Y, ,T,H,E, ,S,I,X,T,H",2178,test,0.19047619047619047,3.297105073928833
KING_RICHARD_III_CLARENCE,2,"T,H,E, ,T,R,A,G,E,D,Y, ,O,F, ,A,N,T,O,N,Y, ,A,N,D, ,C,L,E,O,P,A,T,R,A",6480,test,0.20103986135181975,3.0787606239318848
KING_RICHARD_III_PRINCE,2,"K,I,N,G, ,R,I,C,H,A,R,D, ,I,I,I",1711,test,0.17,3.9717469215393066
KING_RICHARD_THE_SECOND_PERCY,2,"T,H,E, ,T,R,A,G,E,D,Y, ,O,F, ,J,U,L,I,U,S, ,C,A,E,S,A,R",1704,test,0.19,3.1124396324157715
MUCH_ADO_ABOUT_NOTHING_LEON,2,"T,H,E, ,T,R,A,G,E,D,Y, ,O,F, ,J,U,L,I,U,S, ,C,A,E,S,A,R",14208,test,0.19555555555555557,3.1249873638153076
MUCH_ADO_ABOUT_NOTHING_PEDRO,2,"K,I,N,G, ,J,O,H,N",13192,test,0.18574859887910328,3.117391586303711
SECOND_PART_OF_KING_HENRY_IV_KING,2,"T,H,E, ,F,I,R,S,T, ,P,A,R,T, ,O,F, ,H,E,N,R,Y, ,T,H,E, ,S,I,X,T,H",16509,test,0.19556962025316454,3.120399236679077
SECOND_PART_OF_KING_HENRY_IV_MORTON,2,"T,H,E, ,T,A,M,I,N,G, ,O,F, ,T,H,E, ,S,H,R,E,W",3312,test,0.1724137931034483,3.1586875915527344
THE_FIRST_PART_OF_HENRY_THE_SIXTH_BURGUNDY,2,"A,S, ,Y,O,U, ,L,I,K,E, ,I,T",1691,test,0.22448979591836735,2.9576590061187744
THE_FIRST_PART_OF_HENRY_THE_SIXTH_CHARLES,2,"K,I,N,G, ,R,I,C,H,A,R,D, ,I,I,I",6037,test,0.17823639774859287,3.140545606613159
THE_MERCHANT_OF_VENICE_DUKE_OF_VENICE,2,"T,H,E, ,T,R,A,G,E,D,Y, ,O,F, ,C,O,R,I,O,L,A,N,U,S",2153,test,0.1724137931034483,3.3939664363861084
THE_SECOND_PART_OF_KING_HENRY_THE_SIXTH_YOUNG_CLIFFORD,2,"T,H,E, ,T,R,A,G,E,D,Y, ,O,F, ,J,U,L,I,U,S, ,C,A,E,S,A,R",1778,test,0.205607476635514,3.161045551300049
THE_TAMING_OF_THE_SHREW_CURTIS,2,"A,L,L,S, ,W,E,L,L, ,T,H,A,T, ,E,N,D,S, ,W,E,L,L",744,test,0.25,4.831589698791504
THE_TAMING_OF_THE_SHREW_GRUMIO,2,"A,L,L,S, ,W,E,L,L, ,T,H,A,T, ,E,N,D,S, ,W,E,L,L",7274,test,0.2009132420091324,3.1008901596069336
THE_TRAGEDY_OF_ANTONY_AND_CLEOPATRA_SOLDIER,2,"T,H,E, ,F,I,R,S,T, ,P,A,R,T, ,O,F, ,H,E,N,R,Y, ,T,H,E, ,S,I,X,T,H",1124,test,0.16666666666666666,3.3792009353637695
THE_TRAGEDY_OF_CORIOLANUS_FIRST_SENATOR,2,"T,H,E, ,W,I,N,T,E,R,',S, ,T,A,L,E",1866,test,0.16379310344827586,3.090672016143799
THE_TRAGEDY_OF_JULIUS_CAESAR_LUCILIUS,2,"T,H,E, ,M,E,R,C,H,A,N,T, ,O,F, ,V,E,N,I,C,E",902,test,0.15,3.249267578125
THE_TRAGEDY_OF_JULIUS_CAESAR_MARULLUS,2,"A,L,L,S, ,W,E,L,L, ,T,H,A,T, ,E,N,D,S, ,W,E,L,L",1135,test,0.23255813953488372,3.14961314201355
THE_TRAGEDY_OF_JULIUS_CAESAR_PORTIA,2,"K,I,N,G, ,H,E,N,R,Y, ,T,H,E, ,E,I,G,H,T,H",3573,test,0.1986062717770035,3.146820068359375
THE_TRAGEDY_OF_JULIUS_CAESAR_SERVANT,2,"K,I,N,G, ,J,O,H,N",1014,test,0.1935483870967742,3.0190563201904297
THE_TRAGEDY_OF_MACBETH_SERGEANT,2,"K,I,N,G, ,H,E,N,R,Y, ,T,H,E, ,E,I,G,H,T,H",1235,test,0.20754716981132076,3.206433057785034
THE_WINTER_S_TALE_PAULINA,2,"M,U,C,H, ,A,D,O, ,A,B,O,U,T, ,N,O,T,H,I,N,G",12642,test,0.18509212730318259,3.165182590484619
ALLS_WELL_THAT_ENDS_WELL_COUNTESS,3,"T,H,E, ,T,R,A,G,E,D,Y, ,O,F, ,M,A,C,B,E,T,H",11419,train,0.27357943563973713,2.7064974308013916
ALLS_WELL_THAT_ENDS_WELL_HELENA,3,"K,I,N,G, ,R,I,C,H,A,R,D, ,I,I,I",18616,train,0.2675780089153046,2.7365922927856445
ALLS_WELL_THAT_ENDS_WELL_PAROLLES,3,"T,H,E, ,T,A,M,I,N,G, ,O,F, ,T,H,E, ,S,H,R,E,W",15816,train,0.26606081789584063,2.7647852897644043
AS_YOU_LIKE_IT_OLIVER,3,"T,H,E, ,T,R,A,G,E,D,Y, ,O,F, ,J,U,L,I,U,S, ,C,A,E,S,A,R",6097,train,0.2599856063332134,2.749520778656006
A_MIDSUMMER_NIGHT_S_DREAM_BOTTOM,3,"S,E,C,O,N,D, ,P,A,R,T, ,O,F, ,K,I,N,G, ,H,E,N,R,Y, ,I,V",8626,train,0.2632116415624202,2.760028123855591
CYMBELINE_SECOND_LORD,3,"K,I,N,G, ,R,I,C,H,A,R,D, ,T,H,E, ,S,E,C,O,N,D",1627,train,0.26188925081433223,2.84464693069458
KING_HENRY_THE_EIGHTH_CAMPEIUS,3,"M,U,C,H, ,A,D,O, ,A,B,O,U,T, ,N,O,T,H,I,N,G",1884,train,0.25424688561721404,2.7848618030548096
KING_HENRY_THE_EIGHTH_QUEEN_KATHARINE,3,"A, ,M,I,D,S,U,M,M,E,R, ,N,I,G,H,T,',S, ,D,R,E,A,M",11059,train,0.258878691141261,2.7869884967803955
KING_JOHN_BASTARD,3,"S,E,C,O,N,D, ,P,A,R,T, ,O,F, ,K,I,N,G, ,H,E,N,R,Y, ,I,V",21650,train,0.26114747392104726,2.769216537475586
KING_JOHN_PRINCE_HENRY,3,"C,Y,M,B,E,L,I,N,E",1054,train,0.2698724239450442,2.761969804763794
KING_RICHARD_III_CATESBY,3,"T,H,E, ,S,E,C,O,N,D, ,P,A,R,T, ,O,F, ,K,I,N,G, ,H,E,N,R,Y, ,T,H,E, ,S,I,X,T,H",2178,train,0.2811422944362383,2.7587342262268066
KING_RICHARD_III_CLARENCE,3,"T,H,E, ,T,R,A,G,E,D,Y, ,O,F, ,A,N,T,O,N,Y, ,A,N,D, ,C,L,E,O,P,A,T,R,A",6480,train,0.26105370150770796,2.7680106163024902
KING_RICHARD_III_PRINCE,3,"K,I,N,G, ,R,I,C,H,A,R,D, ,I,I,I",1711,train,0.26629422718808193,2.798682451248169
KING_RICHARD_THE_SECOND_PERCY,3,"T,H,E, ,T,R,A,G,E,D,Y, ,O,F, ,J,U,L,I,U,S, ,C,A,E,S,A,R",1704,train,0.26932668329177056,2.775885820388794
MUCH_ADO_ABOUT_NOTHING_LEON,3,"T,H,E, ,T,R,A,G,E,D,Y, ,O,F, ,J,U,L,I,U,S, ,C,A,E,S,A,R",14208,train,0.26722662933582203,2.7290754318237305
MUCH_ADO_ABOUT_NOTHING_PEDRO,3,"K,I,N,G, ,J,O,H,N",13192,train,0.2729632420664825,2.7033934593200684
SECOND_PART_OF_KING_HENRY_IV_KING,3,"T,H,E, ,F,I,R,S,T, ,P,A,R,T, ,O,F, ,H,E,N,R,Y, ,T,H,E, ,S,I,X,T,H",16509,train,0.26900663138857256,2.751008987426758
SECOND_PART_OF_KING_HENRY_IV_MORTON,3,"T,H,E, ,T,A,M,I,N,G, ,O,F, ,T,H,E, ,S,H,R,E,W",3312,train,0.2664700098328417,2.732844352722168
THE_FIRST_PART_OF_HENRY_THE_SIXTH_BURGUNDY,3,"A,S, ,Y,O,U, ,L,I,K,E, ,I,T",1691,train,0.25674827369742625,2.7652900218963623
THE_FIRST_PART_OF_HENRY_THE_SIXTH_CHARLES,3,"K,I,N,G, ,R,I,C,H,A,R,D, ,I,I,I",6037,train,0.25163517441860467,2.9088962078094482
THE_MERCHANT_OF_VENICE_DUKE_OF_VENICE,3,"T,H,E, ,T,R,A,G,E,D,Y, ,O,F, ,C,O,R,I,O,L,A,N,U,S",2153,train,0.26593625498007967,2.7105259895324707
THE_SECOND_PART_OF_KING_HENRY_THE_SIXTH_YOUNG_CLIFFORD,3,"T,H,E, ,T,R,A,G,E,D,Y, ,O,F, ,J,U,L,I,U,S, ,C,A,E,S,A,R",1778,train,0.26929982046678635,2.7646217346191406
THE_TAMING_OF_THE_SHREW_CURTIS,3,"A,L,L,S, ,W,E,L,L, ,T,H,A,T, ,E,N,D,S, ,W,E,L,L",744,train,0.2891891891891892,2.6134891510009766
THE_TAMING_OF_THE_SHREW_GRUMIO,3,"A,L,L,S, ,W,E,L,L, ,T,H,A,T, ,E,N,D,S, ,W,E,L,L",7274,train,0.27610699712860814,2.6960067749023438
THE_TRAGEDY_OF_ANTONY_AND_CLEOPATRA_SOLDIER,3,"T,H,E, ,F,I,R,S,T, ,P,A,R,T, ,O,F, ,H,E,N,R,Y, ,T,H,E, ,S,I,X,T,H",1124,train,0.2846580406654344,2.761533260345459
THE_TRAGEDY_OF_CORIOLANUS_FIRST_SENATOR,3,"T,H,E, ,W,I,N,T,E,R,',S, ,T,A,L,E",1866,train,0.26571428571428574,2.7908616065979004
THE_TRAGEDY_OF_JULIUS_CAESAR_LUCILIUS,3,"T,H,E, ,M,E,R,C,H,A,N,T, ,O,F, ,V,E,N,I,C,E",902,train,0.2585034013605442,2.7756881713867188
THE_TRAGEDY_OF_JULIUS_CAESAR_MARULLUS,3,"A,L,L,S, ,W,E,L,L, ,T,H,A,T, ,E,N,D,S, ,W,E,L,L",1135,train,0.29212454212454214,2.718731164932251
THE_TRAGEDY_OF_JULIUS_CAESAR_PORTIA,3,"K,I,N,G, ,H,E,N,R,Y, ,T,H,E, ,E,I,G,H,T,H",3573,train,0.26658551430310407,2.7005667686462402
THE_TRAGEDY_OF_JULIUS_CAESAR_SERVANT,3,"K,I,N,G, ,J,O,H,N",1014,train,0.25025432349949134,2.7702620029449463
THE_TRAGEDY_OF_MACBETH_SERGEANT,3,"K,I,N,G, ,H,E,N,R,Y, ,T,H,E, ,E,I,G,H,T,H",1235,train,0.23519458544839256,2.843174695968628
THE_WINTER_S_TALE_PAULINA,3,"M,U,C,H, ,A,D,O, ,A,B,O,U,T, ,N,O,T,H,I,N,G",12642,train,0.27332285115303984,2.7536792755126953
ALLS_WELL_THAT_ENDS_WELL_COUNTESS,3,"T,H,E, ,T,R,A,G,E,D,Y, ,O,F, ,M,A,C,B,E,T,H",11419,test,0.24276377217553688,2.7434725761413574
ALLS_WELL_THAT_ENDS_WELL_HELENA,3,"K,I,N,G, ,R,I,C,H,A,R,D, ,I,I,I",18616,test,0.2841987716359576,2.7095062732696533
ALLS_WELL_THAT_ENDS_WELL_PAROLLES,3,"T,H,E, ,T,A,M,I,N,G, ,O,F, ,T,H,E, ,S,H,R,E,W",15816,test,0.2739907346128392,2.6968700885772705
AS_YOU_LIKE_IT_OLIVER,3,"T,H,E, ,T,R,A,G,E,D,Y, ,O,F, ,J,U,L,I,U,S, ,C,A,E,S,A,R",6097,test,0.2727272727272727,2.6795425415039062
A_MIDSUMMER_NIGHT_S_DREAM_BOTTOM,3,"S,E,C,O,N,D, ,P,A,R,T, ,O,F, ,K,I,N,G, ,H,E,N,R,Y, ,I,V",8626,test,0.2916666666666667,2.6664505004882812
CYMBELINE_SECOND_LORD,3,"K,I,N,G, ,R,I,C,H,A,R,D, ,T,H,E, ,S,E,C,O,N,D",1627,test,0.32608695652173914,2.8140006065368652
KING_HENRY_THE_EIGHTH_CAMPEIUS,3,"M,U,C,H, ,A,D,O, ,A,B,O,U,T, ,N,O,T,H,I,N,G",1884,test,0.2627118644067797,2.7540760040283203
KING_HENRY_THE_EIGHTH_QUEEN_KATHARINE,3,"A, ,M,I,D,S,U,M,M,E,R, ,N,I,G,H,T,',S, ,D,R,E,A,M",11059,test,0.2560386473429952,2.773862600326538
KING_JOHN_BASTARD,3,"S,E,C,O,N,D, ,P,A,R,T, ,O,F, ,K,I,N,G, ,H,E,N,R,Y, ,I,V",21650,test,0.2717287488061127,2.738027811050415
KING_JOHN_PRINCE_HENRY,3,"C,Y,M,B,E,L,I,N,E",1054,test,0.3142857142857143,2.386596918106079
KING_RICHARD_III_CATESBY,3,"T,H,E, ,S,E,C,O,N,D, ,P,A,R,T, ,O,F, ,K,I,N,G, ,H,E,N,R,Y, ,T,H,E, ,S,I,X,T,H",2178,test,0.30612244897959184,2.9963479042053223
KING_RICHARD_III_CLARENCE,3,"T,H,E, ,T,R,A,G,E,D,Y, ,O,F, ,A,N,T,O,N,Y, ,A,N,D, ,C,L,E,O,P,A,T,R,A",6480,test,0.2807625649913345,2.672137975692749
KING_RICHARD_III_PRINCE,3,"K,I,N,G, ,R,I,C,H,A,R,D, ,I,I,I",1711,test,0.22,3.8049869537353516
KING_RICHARD_THE_SECOND_PERCY,3,"T,H,E, ,T,R,A,G,E,D,Y, ,O,F, ,J,U,L,I,U,S, ,C,A,E,S,A,R",1704,test,0.26,2.7469658851623535
MUCH_ADO_ABOUT_NOTHING_LEON,3,"T,H,E, ,T,R,A,G,E,D,Y, ,O,F, ,J,U,L,I,U,S, ,C,A,E,S,A,R",14208,test,0.2651851851851852,2.7428367137908936
MUCH_ADO_ABOUT_NOTHING_PEDRO,3,"K,I,N,G, ,J,O,H,N",13192,test,0.2922337870296237,2.6678435802459717
SECOND_PART_OF_KING_HENRY_IV_KING,3,"T,H,E, ,F,I,R,S,T, ,P,A,R,T, ,O,F, ,H,E,N,R,Y, ,T,H,E, ,S,I,X,T,H",16509,test,0.28607594936708863,2.71734881401062
SECOND_PART_OF_KING_HENRY_IV_MORTON,3,"T,H,E, ,T,A,M,I,N,G, ,O,F, ,T,H,E, ,S,H,R,E,W",3312,test,0.23371647509578544,2.852160930633545
THE_FIRST_PART_OF_HENRY_THE_SIXTH_BURGUNDY,3,"A,S, ,Y,O,U, ,L,I,K,E, ,I,T",1691,test,0.3469387755102041,2.521991014480591
THE_FIRST_PART_OF_HENRY_THE_SIXTH_CHARLES,3,"K,I,N,G, ,R,I,C,H,A,R,D, ,I,I,I",6037,test,0.2776735459662289,2.7301528453826904
THE_MERCHANT_OF_VENICE_DUKE_OF_VENICE,3,"T,H,E, ,T,R,A,G,E,D,Y, ,O,F, ,C,O,R,I,O,L,A,N,U,S",2153,test,0.2482758620689655,3.103128433227539
THE_SECOND_PART_OF_KING_HENRY_THE_SIXTH_YOUNG_CLIFFORD,3,"T,H,E, ,T,R,A,G,E,D,Y, ,O,F, ,J,U,L,I,U,S, ,C,A,E,S,A,R",1778,test,0.308411214953271,2.718257188796997
THE_TAMING_OF_THE_SHREW_CURTIS,3,"A,L,L,S, ,W,E,L,L, ,T,H,A,T, ,E,N,D,S, ,W,E,L,L",744,test,0.25,5.615262985229492
THE_TAMING_OF_THE_SHREW_GRUMIO,3,"A,L,L,S, ,W,E,L,L, ,T,H,A,T, ,E,N,D,S, ,W,E,L,L",7274,test,0.2876712328767123,2.702129602432251
THE_TRAGEDY_OF_ANTONY_AND_CLEOPATRA_SOLDIER,3,"T,H,E, ,F,I,R,S,T, ,P,A,R,T, ,O,F, ,H,E,N,R,Y, ,T,H,E, ,S,I,X,T,H",1124,test,0.23809523809523808,3.111477851867676
THE_TRAGEDY_OF_CORIOLANUS_FIRST_SENATOR,3,"T,H,E, ,W,I,N,T,E,R,',S, ,T,A,L,E",1866,test,0.25,2.7121896743774414
THE_TRAGEDY_OF_JULIUS_CAESAR_LUCILIUS,3,"T,H,E, ,M,E,R,C,H,A,N,T, ,O,F, ,V,E,N,I,C,E",902,test,0.2,2.9331774711608887
THE_TRAGEDY_OF_JULIUS_CAESAR_MARULLUS,3,"A,L,L,S, ,W,E,L,L, ,T,H,A,T, ,E,N,D,S, ,W,E,L,L",1135,test,0.3023255813953488,2.812274217605591
THE_TRAGEDY_OF_JULIUS_CAESAR_PORTIA,3,"K,I,N,G, ,H,E,N,R,Y, ,T,H,E, ,E,I,G,H,T,H",3573,test,0.27526132404181186,2.704627752304077
THE_TRAGEDY_OF_JULIUS_CAESAR_SERVANT,3,"K,I,N,G, ,J,O,H,N",1014,test,0.3548387096774194,2.6245064735412598
THE_TRAGEDY_OF_MACBETH_SERGEANT,3,"K,I,N,G, ,H,E,N,R,Y, ,T,H,E, ,E,I,G,H,T,H",1235,test,0.22641509433962265,2.8120696544647217
THE_WINTER_S_TALE_PAULINA,3,"M,U,C,H, ,A,D,O, ,A,B,O,U,T, ,N,O,T,H,I,N,G",12642,test,0.271356783919598,2.769275665283203
ALLS_WELL_THAT_ENDS_WELL_COUNTESS,4,"T,H,E, ,T,R,A,G,E,D,Y, ,O,F, ,M,A,C,B,E,T,H",11419,train,0.26401236954000773,2.6699419021606445
ALLS_WELL_THAT_ENDS_WELL_HELENA,4,"K,I,N,G, ,R,I,C,H,A,R,D, ,I,I,I",18616,train,0.2611589895988113,2.6702115535736084
ALLS_WELL_THAT_ENDS_WELL_PAROLLES,4,"T,H,E, ,T,A,M,I,N,G, ,O,F, ,T,H,E, ,S,H,R,E,W",15816,train,0.25914016078294305,2.706423044204712
AS_YOU_LIKE_IT_OLIVER,4,"T,H,E, ,T,R,A,G,E,D,Y, ,O,F, ,J,U,L,I,U,S, ,C,A,E,S,A,R",6097,train,0.2553076646275639,2.672797679901123
A_MIDSUMMER_NIGHT_S_DREAM_BOTTOM,4,"S,E,C,O,N,D, ,P,A,R,T, ,O,F, ,K,I,N,G, ,H,E,N,R,Y, ,I,V",8626,train,0.2564462598927751,2.7336599826812744
CYMBELINE_SECOND_LORD,4,"K,I,N,G, ,R,I,C,H,A,R,D, ,T,H,E, ,S,E,C,O,N,D",1627,train,0.26319218241042347,2.7334554195404053
KING_HENRY_THE_EIGHTH_CAMPEIUS,4,"M,U,C,H, ,A,D,O, ,A,B,O,U,T, ,N,O,T,H,I,N,G",1884,train,0.2559456398640997,2.7119224071502686
KING_HENRY_THE_EIGHTH_QUEEN_KATHARINE,4,"A, ,M,I,D,S,U,M,M,E,R, ,N,I,G,H,T,',S, ,D,R,E,A,M",11059,train,0.263268156424581,2.707420587539673
KING_JOHN_BASTARD,4,"S,E,C,O,N,D, ,P,A,R,T, ,O,F, ,K,I,N,G, ,H,E,N,R,Y, ,I,V",21650,train,0.26610758846389854,2.6963655948638916
KING_JOHN_PRINCE_HENRY,4,"C,Y,M,B,E,L,I,N,E",1054,train,0.2826300294406281,2.6903493404388428
KING_RICHARD_III_CATESBY,4,"T,H,E, ,S,E,C,O,N,D, ,P,A,R,T, ,O,F, ,K,I,N,G, ,H,E,N,R,Y, ,T,H,E, ,S,I,X,T,H",2178,train,0.2796651895617922,2.67924165725708
KING_RICHARD_III_CLARENCE,4,"T,H,E, ,T,R,A,G,E,D,Y, ,O,F, ,A,N,T,O,N,Y, ,A,N,D, ,C,L,E,O,P,A,T,R,A",6480,train,0.25376926986278164,2.705789804458618
KING_RICHARD_III_PRINCE,4,"K,I,N,G, ,R,I,C,H,A,R,D, ,I,I,I",1711,train,0.25574177529484793,2.7433085441589355
KING_RICHARD_THE_SECOND_PERCY,4,"T,H,E, ,T,R,A,G,E,D,Y, ,O,F, ,J,U,L,I,U,S, ,C,A,E,S,A,R",1704,train,0.27805486284289277,2.6778974533081055
MUCH_ADO_ABOUT_NOTHING_LEON,4,"T,H,E, ,T,R,A,G,E,D,Y, ,O,F, ,J,U,L,I,U,S, ,C,A,E,S,A,R",14208,train,0.2669933115570073,2.678311824798584
MUCH_ADO_ABOUT_NOTHING_PEDRO,4,"K,I,N,G, ,J,O,H,N",13192,train,0.2625805911412543,2.667128086090088
SECOND_PART_OF_KING_HENRY_IV_KING,4,"T,H,E, ,F,I,R,S,T, ,P,A,R,T, ,O,F, ,H,E,N,R,Y, ,T,H,E, ,S,I,X,T,H",16509,train,0.2653225266260299,2.6822867393493652
SECOND_PART_OF_KING_HENRY_IV_MORTON,4,"T,H,E, ,T,A,M,I,N,G, ,O,F, ,T,H,E, ,S,H,R,E,W",3312,train,0.2795804654211734,2.604404926300049
THE_FIRST_PART_OF_HENRY_THE_SIXTH_BURGUNDY,4,"A,S, ,Y,O,U, ,L,I,K,E, ,I,T",1691,train,0.25925925925925924,2.726689338684082
THE_FIRST_PART_OF_HENRY_THE_SIXTH_CHARLES,4,"K,I,N,G, ,R,I,C,H,A,R,D, ,I,I,I",6037,train,0.25599563953488375,2.825946807861328
THE_MERCHANT_OF_VENICE_DUKE_OF_VENICE,4,"T,H,E, ,T,R,A,G,E,D,Y, ,O,F, ,C,O,R,I,O,L,A,N,U,S",2153,train,0.26145418326693226,2.615950584411621
THE_SECOND_PART_OF_KING_HENRY_THE_SIXTH_YOUNG_CLIFFORD,4,"T,H,E, ,T,R,A,G,E,D,Y, ,O,F, ,J,U,L,I,U,S, ,C,A,E,S,A,R",1778,train,0.26331538001196886,2.7096099853515625
THE_TAMING_OF_THE_SHREW_CURTIS,4,"A,L,L,S, ,W,E,L,L, ,T,H,A,T, ,E,N,D,S, ,W,E,L,L",744,train,0.27702702702702703,2.6290109157562256
THE_TAMING_OF_THE_SHREW_GRUMIO,4,"A,L,L,S, ,W,E,L,L, ,T,H,A,T, ,E,N,D,S, ,W,E,L,L",7274,train,0.2665860661931389,2.679135322570801
THE_TRAGEDY_OF_ANTONY_AND_CLEOPATRA_SOLDIER,4,"T,H,E, ,F,I,R,S,T, ,P,A,R,T, ,O,F, ,H,E,N,R,Y, ,T,H,E, ,S,I,X,T,H",1124,train,0.2855822550831793,2.6912519931793213
THE_TRAGEDY_OF_CORIOLANUS_FIRST_SENATOR,4,"T,H,E, ,W,I,N,T,E,R,',S, ,T,A,L,E",1866,train,0.2662857142857143,2.7357869148254395
THE_TRAGEDY_OF_JULIUS_CAESAR_LUCILIUS,4,"T,H,E, ,M,E,R,C,H,A,N,T, ,O,F, ,V,E,N,I,C,E",902,train,0.2585034013605442,2.6901092529296875
THE_TRAGEDY_OF_JULIUS_CAESAR_MARULLUS,4,"A,L,L,S, ,W,E,L,L, ,T,H,A,T, ,E,N,D,S, ,W,E,L,L",1135,train,0.25824175824175827,2.672478675842285
THE_TRAGEDY_OF_JULIUS_CAESAR_PORTIA,4,"K,I,N,G, ,H,E,N,R,Y, ,T,H,E, ,E,I,G,H,T,H",3573,train,0.26536822884966527,2.638554096221924
THE_TRAGEDY_OF_JULIUS_CAESAR_SERVANT,4,"K,I,N,G, ,J,O,H,N",1014,train,0.25839267548321465,2.716928720474243
THE_TRAGEDY_OF_MACBETH_SERGEANT,4,"K,I,N,G, ,H,E,N,R,Y, ,T,H,E, ,E,I,G,H,T,H",1235,train,0.23942470389170897,2.7689433097839355
THE_WINTER_S_TALE_PAULINA,4,"M,U,C,H, ,A,D,O, ,A,B,O,U,T, ,N,O,T,H,I,N,G",12642,train,0.27113906359189377,2.6981616020202637
ALLS_WELL_THAT_ENDS_WELL_COUNTESS,4,"T,H,E, ,T,R,A,G,E,D,Y, ,O,F, ,M,A,C,B,E,T,H",11419,test,0.24556489262371614,2.6881303787231445
ALLS_WELL_THAT_ENDS_WELL_HELENA,4,"K,I,N,G, ,R,I,C,H,A,R,D, ,I,I,I",18616,test,0.2786152987158012,2.619248867034912
ALLS_WELL_THAT_ENDS_WELL_PAROLLES,4,"T,H,E, ,T,A,M,I,N,G, ,O,F, ,T,H,E, ,S,H,R,E,W",15816,test,0.2600926538716082,2.656843662261963
AS_YOU_LIKE_IT_OLIVER,4,"T,H,E, ,T,R,A,G,E,D,Y, ,O,F, ,J,U,L,I,U,S, ,C,A,E,S,A,R",6097,test,0.274582560296846,2.630877733230591
A_MIDSUMMER_NIGHT_S_DREAM_BOTTOM,4,"S,E,C,O,N,D, ,P,A,R,T, ,O,F, ,K,I,N,G, ,H,E,N,R,Y, ,I,V",8626,test,0.29797979797979796,2.6427412033081055
CYMBELINE_SECOND_LORD,4,"K,I,N,G, ,R,I,C,H,A,R,D, ,T,H,E, ,S,E,C,O,N,D",1627,test,0.33695652173913043,2.6652677059173584
KING_HENRY_THE_EIGHTH_CAMPEIUS,4,"M,U,C,H, ,A,D,O, ,A,B,O,U,T, ,N,O,T,H,I,N,G",1884,test,0.2457627118644068,2.682361602783203
KING_HENRY_THE_EIGHTH_QUEEN_KATHARINE,4,"A, ,M,I,D,S,U,M,M,E,R, ,N,I,G,H,T,',S, ,D,R,E,A,M",11059,test,0.242512077294686,2.7503316402435303
KING_JOHN_BASTARD,4,"S,E,C,O,N,D, ,P,A,R,T, ,O,F, ,K,I,N,G, ,H,E,N,R,Y, ,I,V",21650,test,0.26695319961795605,2.690889596939087
KING_JOHN_PRINCE_HENRY,4,"C,Y,M,B,E,L,I,N,E",1054,test,0.34285714285714286,2.431623697280884
KING_RICHARD_III_CATESBY,4,"T,H,E, ,S,E,C,O,N,D, ,P,A,R,T, ,O,F, ,K,I,N,G, ,H,E,N,R,Y, ,T,H,E, ,S,I,X,T,H",2178,test,0.2585034013605442,3.015164375305176
KING_RICHARD_III_CLARENCE,4,"T,H,E, ,T,R,A,G,E,D,Y, ,O,F, ,A,N,T,O,N,Y, ,A,N,D, ,C,L,E,O,P,A,T,R,A",6480,test,0.268630849220104,2.562758445739746
KING_RICHARD_III_PRINCE,4,"K,I,N,G, ,R,I,C,H,A,R,D, ,I,I,I",1711,test,0.25,3.61245059967041
KING_RICHARD_THE_SECOND_PERCY,4,"T,H,E, ,T,R,A,G,E,D,Y, ,O,F, ,J,U,L,I,U,S, ,C,A,E,S,A,R",1704,test,0.28,2.5717666149139404
MUCH_ADO_ABOUT_NOTHING_LEON,4,"T,H,E, ,T,R,A,G,E,D,Y, ,O,F, ,J,U,L,I,U,S, ,C,A,E,S,A,R",14208,test,0.26814814814814814,2.712249755859375
MUCH_ADO_ABOUT_NOTHING_PEDRO,4,"K,I,N,G, ,J,O,H,N",13192,test,0.28022417934347477,2.6155459880828857
SECOND_PART_OF_KING_HENRY_IV_KING,4,"T,H,E, ,F,I,R,S,T, ,P,A,R,T, ,O,F, ,H,E,N,R,Y, ,T,H,E, ,S,I,X,T,H",16509,test,0.2746835443037975,2.6536600589752197
SECOND_PART_OF_KING_HENRY_IV_MORTON,4,"T,H,E, ,T,A,M,I,N,G, ,O,F, ,T,H,E, ,S,H,R,E,W",3312,test,0.26436781609195403,2.7183785438537598
THE_FIRST_PART_OF_HENRY_THE_SIXTH_BURGUNDY,4,"A,S, ,Y,O,U, ,L,I,K,E, ,I,T",1691,test,0.3163265306122449,2.4723665714263916
THE_FIRST_PART_OF_HENRY_THE_SIXTH_CHARLES,4,"K,I,N,G, ,R,I,C,H,A,R,D, ,I,I,I",6037,test,0.26641651031894936,2.6500182151794434
THE_MERCHANT_OF_VENICE_DUKE_OF_VENICE,4,"T,H,E, ,T,R,A,G,E,D,Y, ,O,F, ,C,O,R,I,O,L,A,N,U,S",2153,test,0.27586206896551724,2.9850776195526123
THE_SECOND_PART_OF_KING_HENRY_THE_SIXTH_YOUNG_CLIFFORD,4,"T,H,E, ,T,R,A,G,E,D,Y, ,O,F, ,J,U,L,I,U,S, ,C,A,E,S,A,R",1778,test,0.3177570093457944,2.677917957305908
THE_TAMING_OF_THE_SHREW_CURTIS,4,"A,L,L,S, ,W,E,L,L, ,T,H,A,T, ,E,N,D,S, ,W,E,L,L",744,test,0.25,6.011899471282959
THE_TAMING_OF_THE_SHREW_GRUMIO,4,"A,L,L,S, ,W,E,L,L, ,T,H,A,T, ,E,N,D,S, ,W,E,L,L",7274,test,0.2648401826484018,2.667858123779297
THE_TRAGEDY_OF_ANTONY_AND_CLEOPATRA_SOLDIER,4,"T,H,E, ,F,I,R,S,T, ,P,A,R,T, ,O,F, ,H,E,N,R,Y, ,T,H,E, ,S,I,X,T,H",1124,test,0.23809523809523808,3.086638927459717
THE_TRAGEDY_OF_CORIOLANUS_FIRST_SENATOR,4,"T,H,E, ,W,I,N,T,E,R,',S, ,T,A,L,E",1866,test,0.25,2.6630284786224365
THE_TRAGEDY_OF_JULIUS_CAESAR_LUCILIUS,4,"T,H,E, ,M,E,R,C,H,A,N,T, ,O,F, ,V,E,N,I,C,E",902,test,0.25,3.019533157348633
THE_TRAGEDY_OF_JULIUS_CAESAR_MARULLUS,4,"A,L,L,S, ,W,E,L,L, ,T,H,A,T, ,E,N,D,S, ,W,E,L,L",1135,test,0.27906976744186046,2.748408317565918
THE_TRAGEDY_OF_JULIUS_CAESAR_PORTIA,4,"K,I,N,G, ,H,E,N,R,Y, ,T,H,E, ,E,I,G,H,T,H",3573,test,0.27526132404181186,2.6383397579193115
THE_TRAGEDY_OF_JULIUS_CAESAR_SERVANT,4,"K,I,N,G, ,J,O,H,N",1014,test,0.25806451612903225,2.66194486618042
THE_TRAGEDY_OF_MACBETH_SERGEANT,4,"K,I,N,G, ,H,E,N,R,Y, ,T,H,E, ,E,I,G,H,T,H",1235,test,0.2830188679245283,2.7653791904449463
THE_WINTER_S_TALE_PAULINA,4,"M,U,C,H, ,A,D,O, ,A,B,O,U,T, ,N,O,T,H,I,N,G",12642,test,0.2613065326633166,2.7223920822143555
ALLS_WELL_THAT_ENDS_WELL_COUNTESS,5,"T,H,E, ,T,R,A,G,E,D,Y, ,O,F, ,M,A,C,B,E,T,H",11419,train,0.3085620409741013,2.460703134536743
ALLS_WELL_THAT_ENDS_WELL_HELENA,5,"K,I,N,G, ,R,I,C,H,A,R,D, ,I,I,I",18616,train,0.3012184249628529,2.4752650260925293
ALLS_WELL_THAT_ENDS_WELL_PAROLLES,5,"T,H,E, ,T,A,M,I,N,G, ,O,F, ,T,H,E, ,S,H,R,E,W",15816,train,0.30360013981125483,2.5162105560302734
AS_YOU_LIKE_IT_OLIVER,5,"T,H,E, ,T,R,A,G,E,D,Y, ,O,F, ,J,U,L,I,U,S, ,C,A,E,S,A,R",6097,train,0.2945304066210867,2.4942197799682617
A_MIDSUMMER_NIGHT_S_DREAM_BOTTOM,5,"S,E,C,O,N,D, ,P,A,R,T, ,O,F, ,K,I,N,G, ,H,E,N,R,Y, ,I,V",8626,train,0.30405922900178706,2.5066566467285156
CYMBELINE_SECOND_LORD,5,"K,I,N,G, ,R,I,C,H,A,R,D, ,T,H,E, ,S,E,C,O,N,D",1627,train,0.2996742671009772,2.5684428215026855
KING_HENRY_THE_EIGHTH_CAMPEIUS,5,"M,U,C,H, ,A,D,O, ,A,B,O,U,T, ,N,O,T,H,I,N,G",1884,train,0.2853907134767837,2.5418832302093506
KING_HENRY_THE_EIGHTH_QUEEN_KATHARINE,5,"A, ,M,I,D,S,U,M,M,E,R, ,N,I,G,H,T,',S, ,D,R,E,A,M",11059,train,0.2944932162809258,2.539900779724121
KING_JOHN_BASTARD,5,"S,E,C,O,N,D, ,P,A,R,T, ,O,F, ,K,I,N,G, ,H,E,N,R,Y, ,I,V",21650,train,0.30389650235221927,2.5166828632354736
KING_JOHN_PRINCE_HENRY,5,"C,Y,M,B,E,L,I,N,E",1054,train,0.3336604514229637,2.525237798690796
KING_RICHARD_III_CATESBY,5,"T,H,E, ,S,E,C,O,N,D, ,P,A,R,T, ,O,F, ,K,I,N,G, ,H,E,N,R,Y, ,T,H,E, ,S,I,X,T,H",2178,train,0.2998522895125554,2.4917168617248535
KING_RICHARD_III_CLARENCE,5,"T,H,E, ,T,R,A,G,E,D,Y, ,O,F, ,A,N,T,O,N,Y, ,A,N,D, ,C,L,E,O,P,A,T,R,A",6480,train,0.2925631035066915,2.524294137954712
KING_RICHARD_III_PRINCE,5,"K,I,N,G, ,R,I,C,H,A,R,D, ,I,I,I",1711,train,0.2905027932960894,2.5522518157958984
KING_RICHARD_THE_SECOND_PERCY,5,"T,H,E, ,T,R,A,G,E,D,Y, ,O,F, ,J,U,L,I,U,S, ,C,A,E,S,A,R",1704,train,0.327930174563591,2.490751028060913
MUCH_ADO_ABOUT_NOTHING_LEON,5,"T,H,E, ,T,R,A,G,E,D,Y, ,O,F, ,J,U,L,I,U,S, ,C,A,E,S,A,R",14208,train,0.3076683776637113,2.4485039710998535
MUCH_ADO_ABOUT_NOTHING_PEDRO,5,"K,I,N,G, ,J,O,H,N",13192,train,0.311479527756845,2.3663713932037354
SECOND_PART_OF_KING_HENRY_IV_KING,5,"T,H,E, ,F,I,R,S,T, ,P,A,R,T, ,O,F, ,H,E,N,R,Y, ,T,H,E, ,S,I,X,T,H",16509,train,0.3102016210060955,2.4992682933807373
SECOND_PART_OF_KING_HENRY_IV_MORTON,5,"T,H,E, ,T,A,M,I,N,G, ,O,F, ,T,H,E, ,S,H,R,E,W",3312,train,0.31202884300229433,2.448533535003662
THE_FIRST_PART_OF_HENRY_THE_SIXTH_BURGUNDY,5,"A,S, ,Y,O,U, ,L,I,K,E, ,I,T",1691,train,0.30257376020087884,2.534376859664917
THE_FIRST_PART_OF_HENRY_THE_SIXTH_CHARLES,5,"K,I,N,G, ,R,I,C,H,A,R,D, ,I,I,I",6037,train,0.29505813953488375,2.6968483924865723
THE_MERCHANT_OF_VENICE_DUKE_OF_VENICE,5,"T,H,E, ,T,R,A,G,E,D,Y, ,O,F, ,C,O,R,I,O,L,A,N,U,S",2153,train,0.3152390438247012,2.3961946964263916
THE_SECOND_PART_OF_KING_HENRY_THE_SIXTH_YOUNG_CLIFFORD,5,"T,H,E, ,T,R,A,G,E,D,Y, ,O,F, ,J,U,L,I,U,S, ,C,A,E,S,A,R",1778,train,0.30041891083183725,2.550795793533325
THE_TAMING_OF_THE_SHREW_CURTIS,5,"A,L,L,S, ,W,E,L,L, ,T,H,A,T, ,E,N,D,S, ,W,E,L,L",744,train,0.3162162162162162,2.3776843547821045
THE_TAMING_OF_THE_SHREW_GRUMIO,5,"A,L,L,S, ,W,E,L,L, ,T,H,A,T, ,E,N,D,S, ,W,E,L,L",7274,train,0.3092035665709536,2.475170373916626
THE_TRAGEDY_OF_ANTONY_AND_CLEOPATRA_SOLDIER,5,"T,H,E, ,F,I,R,S,T, ,P,A,R,T, ,O,F, ,H,E,N,R,Y, ,T,H,E, ,S,I,X,T,H",1124,train,0.3317929759704251,2.4946720600128174
THE_TRAGEDY_OF_CORIOLANUS_FIRST_SENATOR,5,"T,H,E, ,W,I,N,T,E,R,',S, ,T,A,L,E",1866,train,0.2988571428571429,2.5637004375457764
THE_TRAGEDY_OF_JULIUS_CAESAR_LUCILIUS,5,"T,H,E, ,M,E,R,C,H,A,N,T, ,O,F, ,V,E,N,I,C,E",902,train,0.30385487528344673,2.4467432498931885
THE_TRAGEDY_OF_JULIUS_CAESAR_MARULLUS,5,"A,L,L,S, ,W,E,L,L, ,T,H,A,T, ,E,N,D,S, ,W,E,L,L",1135,train,0.3076923076923077,2.468090772628784
THE_TRAGEDY_OF_JULIUS_CAESAR_PORTIA,5,"K,I,N,G, ,H,E,N,R,Y, ,T,H,E, ,E,I,G,H,T,H",3573,train,0.30858186244674374,2.4237349033355713
THE_TRAGEDY_OF_JULIUS_CAESAR_SERVANT,5,"K,I,N,G, ,J,O,H,N",1014,train,0.28891149542217703,2.504883050918579
THE_TRAGEDY_OF_MACBETH_SERGEANT,5,"K,I,N,G, ,H,E,N,R,Y, ,T,H,E, ,E,I,G,H,T,H",1235,train,0.28849407783417935,2.6241188049316406
THE_WINTER_S_TALE_PAULINA,5,"M,U,C,H, ,A,D,O, ,A,B,O,U,T, ,N,O,T,H,I,N,G",12642,train,0.3114954577218728,2.523668050765991
ALLS_WELL_THAT_ENDS_WELL_COUNTESS,5,"T,H,E, ,T,R,A,G,E,D,Y, ,O,F, ,M,A,C,B,E,T,H",11419,test,0.2950513538748833,2.5129921436309814
ALLS_WELL_THAT_ENDS_WELL_HELENA,5,"K,I,N,G, ,R,I,C,H,A,R,D, ,I,I,I",18616,test,0.31993299832495814,2.406160593032837
ALLS_WELL_THAT_ENDS_WELL_PAROLLES,5,"T,H,E, ,T,A,M,I,N,G, ,O,F, ,T,H,E, ,S,H,R,E,W",15816,test,0.3130377233620119,2.414668083190918
AS_YOU_LIKE_IT_OLIVER,5,"T,H,E, ,T,R,A,G,E,D,Y, ,O,F, ,J,U,L,I,U,S, ,C,A,E,S,A,R",6097,test,0.3172541743970315,2.4076945781707764
A_MIDSUMMER_NIGHT_S_DREAM_BOTTOM,5,"S,E,C,O,N,D, ,P,A,R,T, ,O,F, ,K,I,N,G, ,H,E,N,R,Y, ,I,V",8626,test,0.3282828282828283,2.4311490058898926
CYMBELINE_SECOND_LORD,5,"K,I,N,G, ,R,I,C,H,A,R,D, ,T,H,E, ,S,E,C,O,N,D",1627,test,0.3695652173913043,2.498725652694702
KING_HENRY_THE_EIGHTH_CAMPEIUS,5,"M,U,C,H, ,A,D,O, ,A,B,O,U,T, ,N,O,T,H,I,N,G",1884,test,0.3050847457627119,2.492337465286255
KING_HENRY_THE_EIGHTH_QUEEN_KATHARINE,5,"A, ,M,I,D,S,U,M,M,E,R, ,N,I,G,H,T,',S, ,D,R,E,A,M",11059,test,0.27246376811594203,2.562906503677368
KING_JOHN_BASTARD,5,"S,E,C,O,N,D, ,P,A,R,T, ,O,F, ,K,I,N,G, ,H,E,N,R,Y, ,I,V",21650,test,0.30515759312320917,2.5200295448303223
KING_JOHN_PRINCE_HENRY,5,"C,Y,M,B,E,L,I,N,E",1054,test,0.4,2.2123405933380127
KING_RICHARD_III_CATESBY,5,"T,H,E, ,S,E,C,O,N,D, ,P,A,R,T, ,O,F, ,K,I,N,G, ,H,E,N,R,Y, ,T,H,E, ,S,I,X,T,H",2178,test,0.2857142857142857,2.8687944412231445
KING_RICHARD_III_CLARENCE,5,"T,H,E, ,T,R,A,G,E,D,Y, ,O,F, ,A,N,T,O,N,Y, ,A,N,D, ,C,L,E,O,P,A,T,R,A",6480,test,0.30155979202772965,2.4189043045043945
KING_RICHARD_III_PRINCE,5,"K,I,N,G, ,R,I,C,H,A,R,D, ,I,I,I",1711,test,0.26,3.7193212509155273
KING_RICHARD_THE_SECOND_PERCY,5,"T,H,E, ,T,R,A,G,E,D,Y, ,O,F, ,J,U,L,I,U,S, ,C,A,E,S,A,R",1704,test,0.36,2.288586378097534
MUCH_ADO_ABOUT_NOTHING_LEON,5,"T,H,E, ,T,R,A,G,E,D,Y, ,O,F, ,J,U,L,I,U,S, ,C,A,E,S,A,R",14208,test,0.3,2.4928407669067383
MUCH_ADO_ABOUT_NOTHING_PEDRO,5,"K,I,N,G, ,J,O,H,N",13192,test,0.3266613290632506,2.3817977905273438
SECOND_PART_OF_KING_HENRY_IV_KING,5,"T,H,E, ,F,I,R,S,T, ,P,A,R,T, ,O,F, ,H,E,N,R,Y, ,T,H,E, ,S,I,X,T,H",16509,test,0.3221518987341772,2.4548659324645996
SECOND_PART_OF_KING_HENRY_IV_MORTON,5,"T,H,E, ,T,A,M,I,N,G, ,O,F, ,T,H,E, ,S,H,R,E,W",3312,test,0.27586206896551724,2.5572338104248047
THE_FIRST_PART_OF_HENRY_THE_SIXTH_BURGUNDY,5,"A,S, ,Y,O,U, ,L,I,K,E, ,I,T",1691,test,0.35714285714285715,2.2654552459716797
THE_FIRST_PART_OF_HENRY_THE_SIXTH_CHARLES,5,"K,I,N,G, ,R,I,C,H,A,R,D, ,I,I,I",6037,test,0.2851782363977486,2.517622947692871
THE_MERCHANT_OF_VENICE_DUKE_OF_VENICE,5,"T,H,E, ,T,R,A,G,E,D,Y, ,O,F, ,C,O,R,I,O,L,A,N,U,S",2153,test,0.32413793103448274,2.8748042583465576
THE_SECOND_PART_OF_KING_HENRY_THE_SIXTH_YOUNG_CLIFFORD,5,"T,H,E, ,T,R,A,G,E,D,Y, ,O,F, ,J,U,L,I,U,S, ,C,A,E,S,A,R",1778,test,0.37383177570093457,2.4724652767181396
THE_TAMING_OF_THE_SHREW_CURTIS,5,"A,L,L,S, ,W,E,L,L, ,T,H,A,T, ,E,N,D,S, ,W,E,L,L",744,test,0.25,6.310212135314941
THE_TAMING_OF_THE_SHREW_GRUMIO,5,"A,L,L,S, ,W,E,L,L, ,T,H,A,T, ,E,N,D,S, ,W,E,L,L",7274,test,0.3013698630136986,2.538470506668091
THE_TRAGEDY_OF_ANTONY_AND_CLEOPATRA_SOLDIER,5,"T,H,E, ,F,I,R,S,T, ,P,A,R,T, ,O,F, ,H,E,N,R,Y, ,T,H,E, ,S,I,X,T,H",1124,test,0.2857142857142857,2.740239381790161
THE_TRAGEDY_OF_CORIOLANUS_FIRST_SENATOR,5,"T,H,E, ,W,I,N,T,E,R,',S, ,T,A,L,E",1866,test,0.3017241379310345,2.5148890018463135
THE_TRAGEDY_OF_JULIUS_CAESAR_LUCILIUS,5,"T,H,E, ,M,E,R,C,H,A,N,T, ,O,F, ,V,E,N,I,C,E",902,test,0.25,2.941765308380127
THE_TRAGEDY_OF_JULIUS_CAESAR_MARULLUS,5,"A,L,L,S, ,W,E,L,L, ,T,H,A,T, ,E,N,D,S, ,W,E,L,L",1135,test,0.3023255813953488,2.4918212890625
THE_TRAGEDY_OF_JULIUS_CAESAR_PORTIA,5,"K,I,N,G, ,H,E,N,R,Y, ,T,H,E, ,E,I,G,H,T,H",3573,test,0.30662020905923343,2.4008426666259766
THE_TRAGEDY_OF_JULIUS_CAESAR_SERVANT,5,"K,I,N,G, ,J,O,H,N",1014,test,0.45161290322580644,2.348461627960205
THE_TRAGEDY_OF_MACBETH_SERGEANT,5,"K,I,N,G, ,H,E,N,R,Y, ,T,H,E, ,E,I,G,H,T,H",1235,test,0.20754716981132076,2.773826837539673
THE_WINTER_S_TALE_PAULINA,5,"M,U,C,H, ,A,D,O, ,A,B,O,U,T, ,N,O,T,H,I,N,G",12642,test,0.30234505862646566,2.5482659339904785
ALLS_WELL_THAT_ENDS_WELL_COUNTESS,6,"T,H,E, ,T,R,A,G,E,D,Y, ,O,F, ,M,A,C,B,E,T,H",11419,train,0.3328179358330112,2.3250315189361572
ALLS_WELL_THAT_ENDS_WELL_HELENA,6,"K,I,N,G, ,R,I,C,H,A,R,D, ,I,I,I",18616,train,0.32166419019316494,2.3341474533081055
ALLS_WELL_THAT_ENDS_WELL_PAROLLES,6,"T,H,E, ,T,A,M,I,N,G, ,O,F, ,T,H,E, ,S,H,R,E,W",15816,train,0.3202376791331702,2.397627115249634
AS_YOU_LIKE_IT_OLIVER,6,"T,H,E, ,T,R,A,G,E,D,Y, ,O,F, ,J,U,L,I,U,S, ,C,A,E,S,A,R",6097,train,0.3148614609571788,2.3609979152679443
A_MIDSUMMER_NIGHT_S_DREAM_BOTTOM,6,"S,E,C,O,N,D, ,P,A,R,T, ,O,F, ,K,I,N,G, ,H,E,N,R,Y, ,I,V",8626,train,0.32524891498595865,2.3738722801208496
CYMBELINE_SECOND_LORD,6,"K,I,N,G, ,R,I,C,H,A,R,D, ,T,H,E, ,S,E,C,O,N,D",1627,train,0.31400651465798046,2.4284486770629883
KING_HENRY_THE_EIGHTH_CAMPEIUS,6,"M,U,C,H, ,A,D,O, ,A,B,O,U,T, ,N,O,T,H,I,N,G",1884,train,0.3272933182332956,2.3856775760650635
KING_HENRY_THE_EIGHTH_QUEEN_KATHARINE,6,"A, ,M,I,D,S,U,M,M,E,R, ,N,I,G,H,T,',S, ,D,R,E,A,M",11059,train,0.3222266560255387,2.3892157077789307
KING_JOHN_BASTARD,6,"S,E,C,O,N,D, ,P,A,R,T, ,O,F, ,K,I,N,G, ,H,E,N,R,Y, ,I,V",21650,train,0.32603804458989566,2.3814339637756348
KING_JOHN_PRINCE_HENRY,6,"C,Y,M,B,E,L,I,N,E",1054,train,0.34249263984298334,2.3741390705108643
KING_RICHARD_III_CATESBY,6,"T,H,E, ,S,E,C,O,N,D, ,P,A,R,T, ,O,F, ,K,I,N,G, ,H,E,N,R,Y, ,T,H,E, ,S,I,X,T,H",2178,train,0.3495814869522403,2.305612325668335
KING_RICHARD_III_CLARENCE,6,"T,H,E, ,T,R,A,G,E,D,Y, ,O,F, ,A,N,T,O,N,Y, ,A,N,D, ,C,L,E,O,P,A,T,R,A",6480,train,0.31661866847365744,2.37248158454895
KING_RICHARD_III_PRINCE,6,"K,I,N,G, ,R,I,C,H,A,R,D, ,I,I,I",1711,train,0.3165735567970205,2.394021511077881
KING_RICHARD_THE_SECOND_PERCY,6,"T,H,E, ,T,R,A,G,E,D,Y, ,O,F, ,J,U,L,I,U,S, ,C,A,E,S,A,R",1704,train,0.34351620947630923,2.3782060146331787
MUCH_ADO_ABOUT_NOTHING_LEON,6,"T,H,E, ,T,R,A,G,E,D,Y, ,O,F, ,J,U,L,I,U,S, ,C,A,E,S,A,R",14208,train,0.3268782081194587,2.3359215259552
MUCH_ADO_ABOUT_NOTHING_PEDRO,6,"K,I,N,G, ,J,O,H,N",13192,train,0.32722096625638447,2.3014001846313477
SECOND_PART_OF_KING_HENRY_IV_KING,6,"T,H,E, ,F,I,R,S,T, ,P,A,R,T, ,O,F, ,H,E,N,R,Y, ,T,H,E, ,S,I,X,T,H",16509,train,0.32460312144148973,2.3574883937835693
SECOND_PART_OF_KING_HENRY_IV_MORTON,6,"T,H,E, ,T,A,M,I,N,G, ,O,F, ,T,H,E, ,S,H,R,E,W",3312,train,0.338577515568666,2.3094003200531006
THE_FIRST_PART_OF_HENRY_THE_SIXTH_BURGUNDY,6,"A,S, ,Y,O,U, ,L,I,K,E, ,I,T",1691,train,0.3258003766478343,2.417635202407837
THE_FIRST_PART_OF_HENRY_THE_SIXTH_CHARLES,6,"K,I,N,G, ,R,I,C,H,A,R,D, ,I,I,I",6037,train,0.306140988372093,2.5419321060180664
THE_MERCHANT_OF_VENICE_DUKE_OF_VENICE,6,"T,H,E, ,T,R,A,G,E,D,Y, ,O,F, ,C,O,R,I,O,L,A,N,U,S",2153,train,0.323207171314741,2.3266026973724365
THE_SECOND_PART_OF_KING_HENRY_THE_SIXTH_YOUNG_CLIFFORD,6,"T,H,E, ,T,R,A,G,E,D,Y, ,O,F, ,J,U,L,I,U,S, ,C,A,E,S,A,R",1778,train,0.3123877917414722,2.4037649631500244
THE_TAMING_OF_THE_SHREW_CURTIS,6,"A,L,L,S, ,W,E,L,L, ,T,H,A,T, ,E,N,D,S, ,W,E,L,L",744,train,0.34054054054054056,2.270634174346924
THE_TAMING_OF_THE_SHREW_GRUMIO,6,"A,L,L,S, ,W,E,L,L, ,T,H,A,T, ,E,N,D,S, ,W,E,L,L",7274,train,0.3279431766661629,2.3563239574432373
THE_TRAGEDY_OF_ANTONY_AND_CLEOPATRA_SOLDIER,6,"T,H,E, ,F,I,R,S,T, ,P,A,R,T, ,O,F, ,H,E,N,R,Y, ,T,H,E, ,S,I,X,T,H",1124,train,0.34473197781885395,2.3804168701171875
THE_TRAGEDY_OF_CORIOLANUS_FIRST_SENATOR,6,"T,H,E, ,W,I,N,T,E,R,',S, ,T,A,L,E",1866,train,0.3291428571428571,2.434601068496704
THE_TRAGEDY_OF_JULIUS_CAESAR_LUCILIUS,6,"T,H,E, ,M,E,R,C,H,A,N,T, ,O,F, ,V,E,N,I,C,E",902,train,0.3231292517006803,2.3608455657958984
THE_TRAGEDY_OF_JULIUS_CAESAR_MARULLUS,6,"A,L,L,S, ,W,E,L,L, ,T,H,A,T, ,E,N,D,S, ,W,E,L,L",1135,train,0.3360805860805861,2.3428869247436523
THE_TRAGEDY_OF_JULIUS_CAESAR_PORTIA,6,"K,I,N,G, ,H,E,N,R,Y, ,T,H,E, ,E,I,G,H,T,H",3573,train,0.33992696287279367,2.309380292892456
THE_TRAGEDY_OF_JULIUS_CAESAR_SERVANT,6,"K,I,N,G, ,J,O,H,N",1014,train,0.31739572736520855,2.4061639308929443
THE_TRAGEDY_OF_MACBETH_SERGEANT,6,"K,I,N,G, ,H,E,N,R,Y, ,T,H,E, ,E,I,G,H,T,H",1235,train,0.3020304568527919,2.502441167831421
THE_WINTER_S_TALE_PAULINA,6,"M,U,C,H, ,A,D,O, ,A,B,O,U,T, ,N,O,T,H,I,N,G",12642,train,0.34049615653389237,2.2988548278808594
ALLS_WELL_THAT_ENDS_WELL_COUNTESS,6,"T,H,E, ,T,R,A,G,E,D,Y, ,O,F, ,M,A,C,B,E,T,H",11419,test,0.31559290382819793,2.3515379428863525
ALLS_WELL_THAT_ENDS_WELL_HELENA,6,"K,I,N,G, ,R,I,C,H,A,R,D, ,I,I,I",18616,test,0.3646007816862088,2.2122700214385986
ALLS_WELL_THAT_ENDS_WELL_PAROLLES,6,"T,H,E, ,T,A,M,I,N,G, ,O,F, ,T,H,E, ,S,H,R,E,W",15816,test,0.3309066843150232,2.269963502883911
AS_YOU_LIKE_IT_OLIVER,6,"T,H,E, ,T,R,A,G,E,D,Y, ,O,F, ,J,U,L,I,U,S, ,C,A,E,S,A,R",6097,test,0.3246753246753247,2.271768808364868
A_MIDSUMMER_NIGHT_S_DREAM_BOTTOM,6,"S,E,C,O,N,D, ,P,A,R,T, ,O,F, ,K,I,N,G, ,H,E,N,R,Y, ,I,V",8626,test,0.35858585858585856,2.2950785160064697
CYMBELINE_SECOND_LORD,6,"K,I,N,G, ,R,I,C,H,A,R,D, ,T,H,E, ,S,E,C,O,N,D",1627,test,0.40217391304347827,2.251648426055908
KING_HENRY_THE_EIGHTH_CAMPEIUS,6,"M,U,C,H, ,A,D,O, ,A,B,O,U,T, ,N,O,T,H,I,N,G",1884,test,0.3389830508474576,2.322869062423706
KING_HENRY_THE_EIGHTH_QUEEN_KATHARINE,6,"A, ,M,I,D,S,U,M,M,E,R, ,N,I,G,H,T,',S, ,D,R,E,A,M",11059,test,0.2898550724637681,2.3906102180480957
KING_JOHN_BASTARD,6,"S,E,C,O,N,D, ,P,A,R,T, ,O,F, ,K,I,N,G, ,H,E,N,R,Y, ,I,V",21650,test,0.3256924546322827,2.376826524734497
KING_JOHN_PRINCE_HENRY,6,"C,Y,M,B,E,L,I,N,E",1054,test,0.42857142857142855,2.0144236087799072
KING_RICHARD_III_CATESBY,6,"T,H,E, ,S,E,C,O,N,D, ,P,A,R,T, ,O,F, ,K,I,N,G, ,H,E,N,R,Y, ,T,H,E, ,S,I,X,T,H",2178,test,0.30612244897959184,2.649559497833252
KING_RICHARD_III_CLARENCE,6,"T,H,E, ,T,R,A,G,E,D,Y, ,O,F, ,A,N,T,O,N,Y, ,A,N,D, ,C,L,E,O,P,A,T,R,A",6480,test,0.3344887348353553,2.2491953372955322
KING_RICHARD_III_PRINCE,6,"K,I,N,G, ,R,I,C,H,A,R,D, ,I,I,I",1711,test,0.3,3.367089033126831
KING_RICHARD_THE_SECOND_PERCY,6,"T,H,E, ,T,R,A,G,E,D,Y, ,O,F, ,J,U,L,I,U,S, ,C,A,E,S,A,R",1704,test,0.32,2.2576630115509033
MUCH_ADO_ABOUT_NOTHING_LEON,6,"T,H,E, ,T,R,A,G,E,D,Y, ,O,F, ,J,U,L,I,U,S, ,C,A,E,S,A,R",14208,test,0.32296296296296295,2.355287551879883
MUCH_ADO_ABOUT_NOTHING_PEDRO,6,"K,I,N,G, ,J,O,H,N",13192,test,0.3466773418734988,2.2705607414245605
SECOND_PART_OF_KING_HENRY_IV_KING,6,"T,H,E, ,F,I,R,S,T, ,P,A,R,T, ,O,F, ,H,E,N,R,Y, ,T,H,E, ,S,I,X,T,H",16509,test,0.35,2.30564546585083
SECOND_PART_OF_KING_HENRY_IV_MORTON,6,"T,H,E, ,T,A,M,I,N,G, ,O,F, ,T,H,E, ,S,H,R,E,W",3312,test,0.3218390804597701,2.429826498031616
THE_FIRST_PART_OF_HENRY_THE_SIXTH_BURGUNDY,6,"A,S, ,Y,O,U, ,L,I,K,E, ,I,T",1691,test,0.3877551020408163,2.0602540969848633
THE_FIRST_PART_OF_HENRY_THE_SIXTH_CHARLES,6,"K,I,N,G, ,R,I,C,H,A,R,D, ,I,I,I",6037,test,0.32645403377110693,2.3748667240142822
THE_MERCHANT_OF_VENICE_DUKE_OF_VENICE,6,"T,H,E, ,T,R,A,G,E,D,Y, ,O,F, ,C,O,R,I,O,L,A,N,U,S",2153,test,0.35172413793103446,2.646939754486084
THE_SECOND_PART_OF_KING_HENRY_THE_SIXTH_YOUNG_CLIFFORD,6,"T,H,E, ,T,R,A,G,E,D,Y, ,O,F, ,J,U,L,I,U,S, ,C,A,E,S,A,R",1778,test,0.37383177570093457,2.320849657058716
THE_TAMING_OF_THE_SHREW_CURTIS,6,"A,L,L,S, ,W,E,L,L, ,T,H,A,T, ,E,N,D,S, ,W,E,L,L",744,test,0.25,5.481741428375244
THE_TAMING_OF_THE_SHREW_GRUMIO,6,"A,L,L,S, ,W,E,L,L, ,T,H,A,T, ,E,N,D,S, ,W,E,L,L",7274,test,0.334855403348554,2.387024164199829
THE_TRAGEDY_OF_ANTONY_AND_CLEOPATRA_SOLDIER,6,"T,H,E, ,F,I,R,S,T, ,P,A,R,T, ,O,F, ,H,E,N,R,Y, ,T,H,E, ,S,I,X,T,H",1124,test,0.30952380952380953,2.5319364070892334
THE_TRAGEDY_OF_CORIOLANUS_FIRST_SENATOR,6,"T,H,E, ,W,I,N,T,E,R,',S, ,T,A,L,E",1866,test,0.3103448275862069,2.3296265602111816
THE_TRAGEDY_OF_JULIUS_CAESAR_LUCILIUS,6,"T,H,E, ,M,E,R,C,H,A,N,T, ,O,F, ,V,E,N,I,C,E",902,test,0.2,2.7151825428009033
THE_TRAGEDY_OF_JULIUS_CAESAR_MARULLUS,6,"A,L,L,S, ,W,E,L,L, ,T,H,A,T, ,E,N,D,S, ,W,E,L,L",1135,test,0.3488372093023256,2.3892955780029297
THE_TRAGEDY_OF_JULIUS_CAESAR_PORTIA,6,"K,I,N,G, ,H,E,N,R,Y, ,T,H,E, ,E,I,G,H,T,H",3573,test,0.33797909407665505,2.316253423690796
THE_TRAGEDY_OF_JULIUS_CAESAR_SERVANT,6,"K,I,N,G, ,J,O,H,N",1014,test,0.41935483870967744,2.272022008895874
THE_TRAGEDY_OF_MACBETH_SERGEANT,6,"K,I,N,G, ,H,E,N,R,Y, ,T,H,E, ,E,I,G,H,T,H",1235,test,0.2830188679245283,2.590283155441284
THE_WINTER_S_TALE_PAULINA,6,"M,U,C,H, ,A,D,O, ,A,B,O,U,T, ,N,O,T,H,I,N,G",12642,test,0.3174204355108878,2.3920297622680664
ALLS_WELL_THAT_ENDS_WELL_COUNTESS,7,"T,H,E, ,T,R,A,G,E,D,Y, ,O,F, ,M,A,C,B,E,T,H",11419,train,0.35804020100502515,2.235687494277954
ALLS_WELL_THAT_ENDS_WELL_HELENA,7,"K,I,N,G, ,R,I,C,H,A,R,D, ,I,I,I",18616,train,0.3451411589895988,2.2666921615600586
ALLS_WELL_THAT_ENDS_WELL_PAROLLES,7,"T,H,E, ,T,A,M,I,N,G, ,O,F, ,T,H,E, ,S,H,R,E,W",15816,train,0.34407549807759524,2.3211917877197266
AS_YOU_LIKE_IT_OLIVER,7,"T,H,E, ,T,R,A,G,E,D,Y, ,O,F, ,J,U,L,I,U,S, ,C,A,E,S,A,R",6097,train,0.34634760705289674,2.2995450496673584
A_MIDSUMMER_NIGHT_S_DREAM_BOTTOM,7,"S,E,C,O,N,D, ,P,A,R,T, ,O,F, ,K,I,N,G, ,H,E,N,R,Y, ,I,V",8626,train,0.35384222619351546,2.3051204681396484
CYMBELINE_SECOND_LORD,7,"K,I,N,G, ,R,I,C,H,A,R,D, ,T,H,E, ,S,E,C,O,N,D",1627,train,0.33876221498371334,2.348769426345825
KING_HENRY_THE_EIGHTH_CAMPEIUS,7,"M,U,C,H, ,A,D,O, ,A,B,O,U,T, ,N,O,T,H,I,N,G",1884,train,0.3488108720271801,2.3045244216918945
KING_HENRY_THE_EIGHTH_QUEEN_KATHARINE,7,"A, ,M,I,D,S,U,M,M,E,R, ,N,I,G,H,T,',S, ,D,R,E,A,M",11059,train,0.3549481245011971,2.2237026691436768
KING_JOHN_BASTARD,7,"S,E,C,O,N,D, ,P,A,R,T, ,O,F, ,K,I,N,G, ,H,E,N,R,Y, ,I,V",21650,train,0.34623644917160973,2.3237268924713135
KING_JOHN_PRINCE_HENRY,7,"C,Y,M,B,E,L,I,N,E",1054,train,0.3650637880274779,2.299973726272583
KING_RICHARD_III_CATESBY,7,"T,H,E, ,S,E,C,O,N,D, ,P,A,R,T, ,O,F, ,K,I,N,G, ,H,E,N,R,Y, ,T,H,E, ,S,I,X,T,H",2178,train,0.36139832594780896,2.278351306915283
KING_RICHARD_III_CLARENCE,7,"T,H,E, ,T,R,A,G,E,D,Y, ,O,F, ,A,N,T,O,N,Y, ,A,N,D, ,C,L,E,O,P,A,T,R,A",6480,train,0.34338471963408435,2.300004482269287
KING_RICHARD_III_PRINCE,7,"K,I,N,G, ,R,I,C,H,A,R,D, ,I,I,I",1711,train,0.3544382371198014,2.2981691360473633
KING_RICHARD_THE_SECOND_PERCY,7,"T,H,E, ,T,R,A,G,E,D,Y, ,O,F, ,J,U,L,I,U,S, ,C,A,E,S,A,R",1704,train,0.3478802992518703,2.3349061012268066
MUCH_ADO_ABOUT_NOTHING_LEON,7,"T,H,E, ,T,R,A,G,E,D,Y, ,O,F, ,J,U,L,I,U,S, ,C,A,E,S,A,R",14208,train,0.3461658111681443,2.271584987640381
MUCH_ADO_ABOUT_NOTHING_PEDRO,7,"K,I,N,G, ,J,O,H,N",13192,train,0.35351251779284937,2.2411727905273438
SECOND_PART_OF_KING_HENRY_IV_KING,7,"T,H,E, ,F,I,R,S,T, ,P,A,R,T, ,O,F, ,H,E,N,R,Y, ,T,H,E, ,S,I,X,T,H",16509,train,0.35340612231227814,2.2831904888153076
SECOND_PART_OF_KING_HENRY_IV_MORTON,7,"T,H,E, ,T,A,M,I,N,G, ,O,F, ,T,H,E, ,S,H,R,E,W",3312,train,0.3615208128482465,2.259523391723633
THE_FIRST_PART_OF_HENRY_THE_SIXTH_BURGUNDY,7,"A,S, ,Y,O,U, ,L,I,K,E, ,I,T",1691,train,0.3421217827997489,2.3374617099761963
THE_FIRST_PART_OF_HENRY_THE_SIXTH_CHARLES,7,"K,I,N,G, ,R,I,C,H,A,R,D, ,I,I,I",6037,train,0.3261264534883721,2.459667444229126
THE_MERCHANT_OF_VENICE_DUKE_OF_VENICE,7,"T,H,E, ,T,R,A,G,E,D,Y, ,O,F, ,C,O,R,I,O,L,A,N,U,S",2153,train,0.3605577689243028,2.2490170001983643
THE_SECOND_PART_OF_KING_HENRY_THE_SIXTH_YOUNG_CLIFFORD,7,"T,H,E, ,T,R,A,G,E,D,Y, ,O,F, ,J,U,L,I,U,S, ,C,A,E,S,A,R",1778,train,0.3500897666068223,2.330209732055664
THE_TAMING_OF_THE_SHREW_CURTIS,7,"A,L,L,S, ,W,E,L,L, ,T,H,A,T, ,E,N,D,S, ,W,E,L,L",744,train,0.3527027027027027,2.2165138721466064
THE_TAMING_OF_THE_SHREW_GRUMIO,7,"A,L,L,S, ,W,E,L,L, ,T,H,A,T, ,E,N,D,S, ,W,E,L,L",7274,train,0.3527278222759559,2.279693603515625
THE_TRAGEDY_OF_ANTONY_AND_CLEOPATRA_SOLDIER,7,"T,H,E, ,F,I,R,S,T, ,P,A,R,T, ,O,F, ,H,E,N,R,Y, ,T,H,E, ,S,I,X,T,H",1124,train,0.36691312384473196,2.3088107109069824
THE_TRAGEDY_OF_CORIOLANUS_FIRST_SENATOR,7,"T,H,E, ,W,I,N,T,E,R,',S, ,T,A,L,E",1866,train,0.3457142857142857,2.3742916584014893
THE_TRAGEDY_OF_JULIUS_CAESAR_LUCILIUS,7,"T,H,E, ,M,E,R,C,H,A,N,T, ,O,F, ,V,E,N,I,C,E",902,train,0.3526077097505669,2.3029487133026123
THE_TRAGEDY_OF_JULIUS_CAESAR_MARULLUS,7,"A,L,L,S, ,W,E,L,L, ,T,H,A,T, ,E,N,D,S, ,W,E,L,L",1135,train,0.358974358974359,2.2491328716278076
THE_TRAGEDY_OF_JULIUS_CAESAR_PORTIA,7,"K,I,N,G, ,H,E,N,R,Y, ,T,H,E, ,E,I,G,H,T,H",3573,train,0.3746195982958004,2.1649587154388428
THE_TRAGEDY_OF_JULIUS_CAESAR_SERVANT,7,"K,I,N,G, ,J,O,H,N",1014,train,0.3285859613428281,2.3517847061157227
THE_TRAGEDY_OF_MACBETH_SERGEANT,7,"K,I,N,G, ,H,E,N,R,Y, ,T,H,E, ,E,I,G,H,T,H",1235,train,0.3257191201353638,2.4633700847625732
THE_WINTER_S_TALE_PAULINA,7,"M,U,C,H, ,A,D,O, ,A,B,O,U,T, ,N,O,T,H,I,N,G",12642,train,0.35473445143256466,2.2602195739746094
ALLS_WELL_THAT_ENDS_WELL_COUNTESS,7,"T,H,E, ,T,R,A,G,E,D,Y, ,O,F, ,M,A,C,B,E,T,H",11419,test,0.33053221288515405,2.277717351913452
ALLS_WELL_THAT_ENDS_WELL_HELENA,7,"K,I,N,G, ,R,I,C,H,A,R,D, ,I,I,I",18616,test,0.3807928531546622,2.1484899520874023
ALLS_WELL_THAT_ENDS_WELL_PAROLLES,7,"T,H,E, ,T,A,M,I,N,G, ,O,F, ,T,H,E, ,S,H,R,E,W",15816,test,0.35208471211118464,2.189592123031616
AS_YOU_LIKE_IT_OLIVER,7,"T,H,E, ,T,R,A,G,E,D,Y, ,O,F, ,J,U,L,I,U,S, ,C,A,E,S,A,R",6097,test,0.37291280148423006,2.204538345336914
A_MIDSUMMER_NIGHT_S_DREAM_BOTTOM,7,"S,E,C,O,N,D, ,P,A,R,T, ,O,F, ,K,I,N,G, ,H,E,N,R,Y, ,I,V",8626,test,0.3661616161616162,2.250577926635742
CYMBELINE_SECOND_LORD,7,"K,I,N,G, ,R,I,C,H,A,R,D, ,T,H,E, ,S,E,C,O,N,D",1627,test,0.41304347826086957,2.2589216232299805
KING_HENRY_THE_EIGHTH_CAMPEIUS,7,"M,U,C,H, ,A,D,O, ,A,B,O,U,T, ,N,O,T,H,I,N,G",1884,test,0.3813559322033898,2.1967246532440186
KING_HENRY_THE_EIGHTH_QUEEN_KATHARINE,7,"A, ,M,I,D,S,U,M,M,E,R, ,N,I,G,H,T,',S, ,D,R,E,A,M",11059,test,0.32753623188405795,2.282341718673706
KING_JOHN_BASTARD,7,"S,E,C,O,N,D, ,P,A,R,T, ,O,F, ,K,I,N,G, ,H,E,N,R,Y, ,I,V",21650,test,0.35004775549188155,2.2971384525299072
KING_JOHN_PRINCE_HENRY,7,"C,Y,M,B,E,L,I,N,E",1054,test,0.5142857142857142,2.0079352855682373
KING_RICHARD_III_CATESBY,7,"T,H,E, ,S,E,C,O,N,D, ,P,A,R,T, ,O,F, ,K,I,N,G, ,H,E,N,R,Y, ,T,H,E, ,S,I,X,T,H",2178,test,0.3129251700680272,2.689704179763794
KING_RICHARD_III_CLARENCE,7,"T,H,E, ,T,R,A,G,E,D,Y, ,O,F, ,A,N,T,O,N,Y, ,A,N,D, ,C,L,E,O,P,A,T,R,A",6480,test,0.37608318890814557,2.138516902923584
KING_RICHARD_III_PRINCE,7,"K,I,N,G, ,R,I,C,H,A,R,D, ,I,I,I",1711,test,0.28,3.172563076019287
KING_RICHARD_THE_SECOND_PERCY,7,"T,H,E, ,T,R,A,G,E,D,Y, ,O,F, ,J,U,L,I,U,S, ,C,A,E,S,A,R",1704,test,0.35,2.276242733001709
MUCH_ADO_ABOUT_NOTHING_LEON,7,"T,H,E, ,T,R,A,G,E,D,Y, ,O,F, ,J,U,L,I,U,S, ,C,A,E,S,A,R",14208,test,0.3451851851851852,2.2888262271881104
MUCH_ADO_ABOUT_NOTHING_PEDRO,7,"K,I,N,G, ,J,O,H,N",13192,test,0.37710168134507605,2.189037561416626
SECOND_PART_OF_KING_HENRY_IV_KING,7,"T,H,E, ,F,I,R,S,T, ,P,A,R,T, ,O,F, ,H,E,N,R,Y, ,T,H,E, ,S,I,X,T,H",16509,test,0.36835443037974686,2.2266170978546143
SECOND_PART_OF_KING_HENRY_IV_MORTON,7,"T,H,E, ,T,A,M,I,N,G, ,O,F, ,T,H,E, ,S,H,R,E,W",3312,test,0.32950191570881227,2.4512526988983154
THE_FIRST_PART_OF_HENRY_THE_SIXTH_BURGUNDY,7,"A,S, ,Y,O,U, ,L,I,K,E, ,I,T",1691,test,0.42857142857142855,2.0388083457946777
THE_FIRST_PART_OF_HENRY_THE_SIXTH_CHARLES,7,"K,I,N,G, ,R,I,C,H,A,R,D, ,I,I,I",6037,test,0.35647279549718575,2.2785325050354004
THE_MERCHANT_OF_VENICE_DUKE_OF_VENICE,7,"T,H,E, ,T,R,A,G,E,D,Y, ,O,F, ,C,O,R,I,O,L,A,N,U,S",2153,test,0.3448275862068966,2.536034107208252
THE_SECOND_PART_OF_KING_HENRY_THE_SIXTH_YOUNG_CLIFFORD,7,"T,H,E, ,T,R,A,G,E,D,Y, ,O,F, ,J,U,L,I,U,S, ,C,A,E,S,A,R",1778,test,0.37383177570093457,2.2539780139923096
THE_TAMING_OF_THE_SHREW_CURTIS,7,"A,L,L,S, ,W,E,L,L, ,T,H,A,T, ,E,N,D,S, ,W,E,L,L",744,test,0.25,5.335444927215576
THE_TAMING_OF_THE_SHREW_GRUMIO,7,"A,L,L,S, ,W,E,L,L, ,T,H,A,T, ,E,N,D,S, ,W,E,L,L",7274,test,0.365296803652968,2.276977062225342
THE_TRAGEDY_OF_ANTONY_AND_CLEOPATRA_SOLDIER,7,"T,H,E, ,F,I,R,S,T, ,P,A,R,T, ,O,F, ,H,E,N,R,Y, ,T,H,E, ,S,I,X,T,H",1124,test,0.2619047619047619,2.4267234802246094
THE_TRAGEDY_OF_CORIOLANUS_FIRST_SENATOR,7,"T,H,E, ,W,I,N,T,E,R,',S, ,T,A,L,E",1866,test,0.3706896551724138,2.2690908908843994
THE_TRAGEDY_OF_JULIUS_CAESAR_LUCILIUS,7,"T,H,E, ,M,E,R,C,H,A,N,T, ,O,F, ,V,E,N,I,C,E",902,test,0.25,3.0674996376037598
THE_TRAGEDY_OF_JULIUS_CAESAR_MARULLUS,7,"A,L,L,S, ,W,E,L,L, ,T,H,A,T, ,E,N,D,S, ,W,E,L,L",1135,test,0.3953488372093023,2.164198637008667
THE_TRAGEDY_OF_JULIUS_CAESAR_PORTIA,7,"K,I,N,G, ,H,E,N,R,Y, ,T,H,E, ,E,I,G,H,T,H",3573,test,0.3588850174216028,2.2352559566497803
THE_TRAGEDY_OF_JULIUS_CAESAR_SERVANT,7,"K,I,N,G, ,J,O,H,N",1014,test,0.5161290322580645,2.1907434463500977
THE_TRAGEDY_OF_MACBETH_SERGEANT,7,"K,I,N,G, ,H,E,N,R,Y, ,T,H,E, ,E,I,G,H,T,H",1235,test,0.2830188679245283,2.5303356647491455
THE_WINTER_S_TALE_PAULINA,7,"M,U,C,H, ,A,D,O, ,A,B,O,U,T, ,N,O,T,H,I,N,G",12642,test,0.35175879396984927,2.3187708854675293
ALLS_WELL_THAT_ENDS_WELL_COUNTESS,8,"T,H,E, ,T,R,A,G,E,D,Y, ,O,F, ,M,A,C,B,E,T,H",11419,train,0.4051990722844994,2.0772719383239746
ALLS_WELL_THAT_ENDS_WELL_HELENA,8,"K,I,N,G, ,R,I,C,H,A,R,D, ,I,I,I",18616,train,0.40540861812778606,2.036067008972168
ALLS_WELL_THAT_ENDS_WELL_PAROLLES,8,"T,H,E, ,T,A,M,I,N,G, ,O,F, ,T,H,E, ,S,H,R,E,W",15816,train,0.4097168822090178,2.071850061416626
AS_YOU_LIKE_IT_OLIVER,8,"T,H,E, ,T,R,A,G,E,D,Y, ,O,F, ,J,U,L,I,U,S, ,C,A,E,S,A,R",6097,train,0.3952860741273839,2.11411190032959
A_MIDSUMMER_NIGHT_S_DREAM_BOTTOM,8,"S,E,C,O,N,D, ,P,A,R,T, ,O,F, ,K,I,N,G, ,H,E,N,R,Y, ,I,V",8626,train,0.39379627265764616,2.1339221000671387
CYMBELINE_SECOND_LORD,8,"K,I,N,G, ,R,I,C,H,A,R,D, ,T,H,E, ,S,E,C,O,N,D",1627,train,0.3824104234527687,2.193229913711548
KING_HENRY_THE_EIGHTH_CAMPEIUS,8,"M,U,C,H, ,A,D,O, ,A,B,O,U,T, ,N,O,T,H,I,N,G",1884,train,0.37768969422423554,2.1597201824188232
KING_HENRY_THE_EIGHTH_QUEEN_KATHARINE,8,"A, ,M,I,D,S,U,M,M,E,R, ,N,I,G,H,T,',S, ,D,R,E,A,M",11059,train,0.3901636073423783,2.126530408859253
KING_JOHN_BASTARD,8,"S,E,C,O,N,D, ,P,A,R,T, ,O,F, ,K,I,N,G, ,H,E,N,R,Y, ,I,V",21650,train,0.38489466148496626,2.1680829524993896
KING_JOHN_PRINCE_HENRY,8,"C,Y,M,B,E,L,I,N,E",1054,train,0.3974484789008832,2.113938570022583
KING_RICHARD_III_CATESBY,8,"T,H,E, ,S,E,C,O,N,D, ,P,A,R,T, ,O,F, ,K,I,N,G, ,H,E,N,R,Y, ,T,H,E, ,S,I,X,T,H",2178,train,0.41260462826193994,2.1115944385528564
KING_RICHARD_III_CLARENCE,8,"T,H,E, ,T,R,A,G,E,D,Y, ,O,F, ,A,N,T,O,N,Y, ,A,N,D, ,C,L,E,O,P,A,T,R,A",6480,train,0.3852278502456378,2.163892984390259
KING_RICHARD_III_PRINCE,8,"K,I,N,G, ,R,I,C,H,A,R,D, ,I,I,I",1711,train,0.40782122905027934,2.116863489151001
KING_RICHARD_THE_SECOND_PERCY,8,"T,H,E, ,T,R,A,G,E,D,Y, ,O,F, ,J,U,L,I,U,S, ,C,A,E,S,A,R",1704,train,0.39775561097256856,2.1882593631744385
MUCH_ADO_ABOUT_NOTHING_LEON,8,"T,H,E, ,T,R,A,G,E,D,Y, ,O,F, ,J,U,L,I,U,S, ,C,A,E,S,A,R",14208,train,0.39679576917094417,2.110163927078247
MUCH_ADO_ABOUT_NOTHING_PEDRO,8,"K,I,N,G, ,J,O,H,N",13192,train,0.3959641631080968,2.0791542530059814
SECOND_PART_OF_KING_HENRY_IV_KING,8,"T,H,E, ,F,I,R,S,T, ,P,A,R,T, ,O,F, ,H,E,N,R,Y, ,T,H,E, ,S,I,X,T,H",16509,train,0.39667760734141605,2.1409823894500732
SECOND_PART_OF_KING_HENRY_IV_MORTON,8,"T,H,E, ,T,A,M,I,N,G, ,O,F, ,T,H,E, ,S,H,R,E,W",3312,train,0.3893805309734513,2.1351547241210938
THE_FIRST_PART_OF_HENRY_THE_SIXTH_BURGUNDY,8,"A,S, ,Y,O,U, ,L,I,K,E, ,I,T",1691,train,0.3766478342749529,2.1960651874542236
THE_FIRST_PART_OF_HENRY_THE_SIXTH_CHARLES,8,"K,I,N,G, ,R,I,C,H,A,R,D, ,I,I,I",6037,train,0.3702761627906977,2.3082969188690186
THE_MERCHANT_OF_VENICE_DUKE_OF_VENICE,8,"T,H,E, ,T,R,A,G,E,D,Y, ,O,F, ,C,O,R,I,O,L,A,N,U,S",2153,train,0.40239043824701193,2.142794132232666
THE_SECOND_PART_OF_KING_HENRY_THE_SIXTH_YOUNG_CLIFFORD,8,"T,H,E, ,T,R,A,G,E,D,Y, ,O,F, ,J,U,L,I,U,S, ,C,A,E,S,A,R",1778,train,0.38659485338120886,2.204777717590332
THE_TAMING_OF_THE_SHREW_CURTIS,8,"A,L,L,S, ,W,E,L,L, ,T,H,A,T, ,E,N,D,S, ,W,E,L,L",744,train,0.40135135135135136,2.0660669803619385
THE_TAMING_OF_THE_SHREW_GRUMIO,8,"A,L,L,S, ,W,E,L,L, ,T,H,A,T, ,E,N,D,S, ,W,E,L,L",7274,train,0.4027504911591356,2.109583616256714
THE_TRAGEDY_OF_ANTONY_AND_CLEOPATRA_SOLDIER,8,"T,H,E, ,F,I,R,S,T, ,P,A,R,T, ,O,F, ,H,E,N,R,Y, ,T,H,E, ,S,I,X,T,H",1124,train,0.4048059149722736,2.1970713138580322
THE_TRAGEDY_OF_CORIOLANUS_FIRST_SENATOR,8,"T,H,E, ,W,I,N,T,E,R,',S, ,T,A,L,E",1866,train,0.3822857142857143,2.2359652519226074
THE_TRAGEDY_OF_JULIUS_CAESAR_LUCILIUS,8,"T,H,E, ,M,E,R,C,H,A,N,T, ,O,F, ,V,E,N,I,C,E",902,train,0.4002267573696145,2.1539533138275146
THE_TRAGEDY_OF_JULIUS_CAESAR_MARULLUS,8,"A,L,L,S, ,W,E,L,L, ,T,H,A,T, ,E,N,D,S, ,W,E,L,L",1135,train,0.38278388278388276,2.1229984760284424
THE_TRAGEDY_OF_JULIUS_CAESAR_PORTIA,8,"K,I,N,G, ,H,E,N,R,Y, ,T,H,E, ,E,I,G,H,T,H",3573,train,0.40809494826536824,2.0491366386413574
THE_TRAGEDY_OF_JULIUS_CAESAR_SERVANT,8,"K,I,N,G, ,J,O,H,N",1014,train,0.36927772126144454,2.2111854553222656
THE_TRAGEDY_OF_MACBETH_SERGEANT,8,"K,I,N,G, ,H,E,N,R,Y, ,T,H,E, ,E,I,G,H,T,H",1235,train,0.34686971235194586,2.313969612121582
THE_WINTER_S_TALE_PAULINA,8,"M,U,C,H, ,A,D,O, ,A,B,O,U,T, ,N,O,T,H,I,N,G",12642,train,0.3992837176799441,2.1132519245147705
ALLS_WELL_THAT_ENDS_WELL_COUNTESS,8,"T,H,E, ,T,R,A,G,E,D,Y, ,O,F, ,M,A,C,B,E,T,H",11419,test,0.3968253968253968,2.093014717102051
ALLS_WELL_THAT_ENDS_WELL_HELENA,8,"K,I,N,G, ,R,I,C,H,A,R,D, ,I,I,I",18616,test,0.43104410943606924,1.9599800109863281
ALLS_WELL_THAT_ENDS_WELL_PAROLLES,8,"T,H,E, ,T,A,M,I,N,G, ,O,F, ,T,H,E, ,S,H,R,E,W",15816,test,0.41032428855062875,2.0076067447662354
AS_YOU_LIKE_IT_OLIVER,8,"T,H,E, ,T,R,A,G,E,D,Y, ,O,F, ,J,U,L,I,U,S, ,C,A,E,S,A,R",6097,test,0.40816326530612246,2.0191893577575684
A_MIDSUMMER_NIGHT_S_DREAM_BOTTOM,8,"S,E,C,O,N,D, ,P,A,R,T, ,O,F, ,K,I,N,G, ,H,E,N,R,Y, ,I,V",8626,test,0.41414141414141414,2.084531784057617
CYMBELINE_SECOND_LORD,8,"K,I,N,G, ,R,I,C,H,A,R,D, ,T,H,E, ,S,E,C,O,N,D",1627,test,0.4782608695652174,2.117600917816162
KING_HENRY_THE_EIGHTH_CAMPEIUS,8,"M,U,C,H, ,A,D,O, ,A,B,O,U,T, ,N,O,T,H,I,N,G",1884,test,0.3728813559322034,2.0738162994384766
KING_HENRY_THE_EIGHTH_QUEEN_KATHARINE,8,"A, ,M,I,D,S,U,M,M,E,R, ,N,I,G,H,T,',S, ,D,R,E,A,M",11059,test,0.38454106280193234,2.108560562133789
KING_JOHN_BASTARD,8,"S,E,C,O,N,D, ,P,A,R,T, ,O,F, ,K,I,N,G, ,H,E,N,R,Y, ,I,V",21650,test,0.3939828080229226,2.1301510334014893
KING_JOHN_PRINCE_HENRY,8,"C,Y,M,B,E,L,I,N,E",1054,test,0.45714285714285713,1.7875843048095703
KING_RICHARD_III_CATESBY,8,"T,H,E, ,S,E,C,O,N,D, ,P,A,R,T, ,O,F, ,K,I,N,G, ,H,E,N,R,Y, ,T,H,E, ,S,I,X,T,H",2178,test,0.3197278911564626,2.4874963760375977
KING_RICHARD_III_CLARENCE,8,"T,H,E, ,T,R,A,G,E,D,Y, ,O,F, ,A,N,T,O,N,Y, ,A,N,D, ,C,L,E,O,P,A,T,R,A",6480,test,0.41074523396880414,1.9961713552474976
KING_RICHARD_III_PRINCE,8,"K,I,N,G, ,R,I,C,H,A,R,D, ,I,I,I",1711,test,0.29,3.1683859825134277
KING_RICHARD_THE_SECOND_PERCY,8,"T,H,E, ,T,R,A,G,E,D,Y, ,O,F, ,J,U,L,I,U,S, ,C,A,E,S,A,R",1704,test,0.4,2.038724899291992
MUCH_ADO_ABOUT_NOTHING_LEON,8,"T,H,E, ,T,R,A,G,E,D,Y, ,O,F, ,J,U,L,I,U,S, ,C,A,E,S,A,R",14208,test,0.38666666666666666,2.118544816970825
MUCH_ADO_ABOUT_NOTHING_PEDRO,8,"K,I,N,G, ,J,O,H,N",13192,test,0.41633306645316254,2.021672248840332
SECOND_PART_OF_KING_HENRY_IV_KING,8,"T,H,E, ,F,I,R,S,T, ,P,A,R,T, ,O,F, ,H,E,N,R,Y, ,T,H,E, ,S,I,X,T,H",16509,test,0.4088607594936709,2.0797879695892334
SECOND_PART_OF_KING_HENRY_IV_MORTON,8,"T,H,E, ,T,A,M,I,N,G, ,O,F, ,T,H,E, ,S,H,R,E,W",3312,test,0.3716475095785441,2.2065694332122803
THE_FIRST_PART_OF_HENRY_THE_SIXTH_BURGUNDY,8,"A,S, ,Y,O,U, ,L,I,K,E, ,I,T",1691,test,0.47959183673469385,1.8771318197250366
THE_FIRST_PART_OF_HENRY_THE_SIXTH_CHARLES,8,"K,I,N,G, ,R,I,C,H,A,R,D, ,I,I,I",6037,test,0.4052532833020638,2.124610185623169
THE_MERCHANT_OF_VENICE_DUKE_OF_VENICE,8,"T,H,E, ,T,R,A,G,E,D,Y, ,O,F, ,C,O,R,I,O,L,A,N,U,S",2153,test,0.4206896551724138,2.37273907661438
THE_SECOND_PART_OF_KING_HENRY_THE_SIXTH_YOUNG_CLIFFORD,8,"T,H,E, ,T,R,A,G,E,D,Y, ,O,F, ,J,U,L,I,U,S, ,C,A,E,S,A,R",1778,test,0.45794392523364486,2.0074684619903564
THE_TAMING_OF_THE_SHREW_CURTIS,8,"A,L,L,S, ,W,E,L,L, ,T,H,A,T, ,E,N,D,S, ,W,E,L,L",744,test,0.25,5.766995429992676
THE_TAMING_OF_THE_SHREW_GRUMIO,8,"A,L,L,S, ,W,E,L,L, ,T,H,A,T, ,E,N,D,S, ,W,E,L,L",7274,test,0.4170471841704718,2.086393356323242
THE_TRAGEDY_OF_ANTONY_AND_CLEOPATRA_SOLDIER,8,"T,H,E, ,F,I,R,S,T, ,P,A,R,T, ,O,F, ,H,E,N,R,Y, ,T,H,E, ,S,I,X,T,H",1124,test,0.35714285714285715,2.3504600524902344
THE_TRAGEDY_OF_CORIOLANUS_FIRST_SENATOR,8,"T,H,E, ,W,I,N,T,E,R,',S, ,T,A,L,E",1866,test,0.4051724137931034,2.071499824523926
THE_TRAGEDY_OF_JULIUS_CAESAR_LUCILIUS,8,"T,H,E, ,M,E,R,C,H,A,N,T, ,O,F, ,V,E,N,I,C,E",902,test,0.3,2.7547192573547363
THE_TRAGEDY_OF_JULIUS_CAESAR_MARULLUS,8,"A,L,L,S, ,W,E,L,L, ,T,H,A,T, ,E,N,D,S, ,W,E,L,L",1135,test,0.4883720930232558,1.981641173362732
THE_TRAGEDY_OF_JULIUS_CAESAR_PORTIA,8,"K,I,N,G, ,H,E,N,R,Y, ,T,H,E, ,E,I,G,H,T,H",3573,test,0.3797909407665505,2.054744005203247
THE_TRAGEDY_OF_JULIUS_CAESAR_SERVANT,8,"K,I,N,G, ,J,O,H,N",1014,test,0.41935483870967744,2.1769797801971436
THE_TRAGEDY_OF_MACBETH_SERGEANT,8,"K,I,N,G, ,H,E,N,R,Y, ,T,H,E, ,E,I,G,H,T,H",1235,test,0.2641509433962264,2.3709776401519775
THE_WINTER_S_TALE_PAULINA,8,"M,U,C,H, ,A,D,O, ,A,B,O,U,T, ,N,O,T,H,I,N,G",12642,test,0.39195979899497485,2.1540069580078125
ALLS_WELL_THAT_ENDS_WELL_COUNTESS,9,"T,H,E, ,T,R,A,G,E,D,Y, ,O,F, ,M,A,C,B,E,T,H",11419,train,0.4328372632392733,1.9358460903167725
ALLS_WELL_THAT_ENDS_WELL_HELENA,9,"K,I,N,G, ,R,I,C,H,A,R,D, ,I,I,I",18616,train,0.4087369985141159,2.011415719985962
ALLS_WELL_THAT_ENDS_WELL_PAROLLES,9,"T,H,E, ,T,A,M,I,N,G, ,O,F, ,T,H,E, ,S,H,R,E,W",15816,train,0.4082488640335547,2.060718297958374
AS_YOU_LIKE_IT_OLIVER,9,"T,H,E, ,T,R,A,G,E,D,Y, ,O,F, ,J,U,L,I,U,S, ,C,A,E,S,A,R",6097,train,0.4012234616768622,2.078202247619629
A_MIDSUMMER_NIGHT_S_DREAM_BOTTOM,9,"S,E,C,O,N,D, ,P,A,R,T, ,O,F, ,K,I,N,G, ,H,E,N,R,Y, ,I,V",8626,train,0.3978810314015828,2.0995233058929443
CYMBELINE_SECOND_LORD,9,"K,I,N,G, ,R,I,C,H,A,R,D, ,T,H,E, ,S,E,C,O,N,D",1627,train,0.38892508143322474,2.1609959602355957
KING_HENRY_THE_EIGHTH_CAMPEIUS,9,"M,U,C,H, ,A,D,O, ,A,B,O,U,T, ,N,O,T,H,I,N,G",1884,train,0.3901472253680634,2.0817010402679443
KING_HENRY_THE_EIGHTH_QUEEN_KATHARINE,9,"A, ,M,I,D,S,U,M,M,E,R, ,N,I,G,H,T,',S, ,D,R,E,A,M",11059,train,0.4194932162809258,1.973289132118225
KING_JOHN_BASTARD,9,"S,E,C,O,N,D, ,P,A,R,T, ,O,F, ,K,I,N,G, ,H,E,N,R,Y, ,I,V",21650,train,0.3914399672734711,2.13838791847229
KING_JOHN_PRINCE_HENRY,9,"C,Y,M,B,E,L,I,N,E",1054,train,0.4111874386653582,2.0836052894592285
KING_RICHARD_III_CATESBY,9,"T,H,E, ,S,E,C,O,N,D, ,P,A,R,T, ,O,F, ,K,I,N,G, ,H,E,N,R,Y, ,T,H,E, ,S,I,X,T,H",2178,train,0.4086656819300837,2.057485818862915
KING_RICHARD_III_CLARENCE,9,"T,H,E, ,T,R,A,G,E,D,Y, ,O,F, ,A,N,T,O,N,Y, ,A,N,D, ,C,L,E,O,P,A,T,R,A",6480,train,0.39488395730984244,2.1161956787109375
KING_RICHARD_III_PRINCE,9,"K,I,N,G, ,R,I,C,H,A,R,D, ,I,I,I",1711,train,0.41154562383612664,2.061469554901123
KING_RICHARD_THE_SECOND_PERCY,9,"T,H,E, ,T,R,A,G,E,D,Y, ,O,F, ,J,U,L,I,U,S, ,C,A,E,S,A,R",1704,train,0.41209476309226933,2.168611764907837
MUCH_ADO_ABOUT_NOTHING_LEON,9,"T,H,E, ,T,R,A,G,E,D,Y, ,O,F, ,J,U,L,I,U,S, ,C,A,E,S,A,R",14208,train,0.4080727951469902,2.0562052726745605
MUCH_ADO_ABOUT_NOTHING_PEDRO,9,"K,I,N,G, ,J,O,H,N",13192,train,0.4083563593736917,2.0391879081726074
SECOND_PART_OF_KING_HENRY_IV_KING,9,"T,H,E, ,F,I,R,S,T, ,P,A,R,T, ,O,F, ,H,E,N,R,Y, ,T,H,E, ,S,I,X,T,H",16509,train,0.40411280058945676,2.0902259349823
SECOND_PART_OF_KING_HENRY_IV_MORTON,9,"T,H,E, ,T,A,M,I,N,G, ,O,F, ,T,H,E, ,S,H,R,E,W",3312,train,0.40216322517207476,2.087543249130249
THE_FIRST_PART_OF_HENRY_THE_SIXTH_BURGUNDY,9,"A,S, ,Y,O,U, ,L,I,K,E, ,I,T",1691,train,0.3860640301318267,2.15093994140625
THE_FIRST_PART_OF_HENRY_THE_SIXTH_CHARLES,9,"K,I,N,G, ,R,I,C,H,A,R,D, ,I,I,I",6037,train,0.3793604651162791,2.256378173828125
THE_MERCHANT_OF_VENICE_DUKE_OF_VENICE,9,"T,H,E, ,T,R,A,G,E,D,Y, ,O,F, ,C,O,R,I,O,L,A,N,U,S",2153,train,0.4103585657370518,2.087266206741333
THE_SECOND_PART_OF_KING_HENRY_THE_SIXTH_YOUNG_CLIFFORD,9,"T,H,E, ,T,R,A,G,E,D,Y, ,O,F, ,J,U,L,I,U,S, ,C,A,E,S,A,R",1778,train,0.3919808497905446,2.189103841781616
THE_TAMING_OF_THE_SHREW_CURTIS,9,"A,L,L,S, ,W,E,L,L, ,T,H,A,T, ,E,N,D,S, ,W,E,L,L",744,train,0.4189189189189189,2.0154635906219482
THE_TAMING_OF_THE_SHREW_GRUMIO,9,"A,L,L,S, ,W,E,L,L, ,T,H,A,T, ,E,N,D,S, ,W,E,L,L",7274,train,0.4107601632159589,2.0837299823760986
THE_TRAGEDY_OF_ANTONY_AND_CLEOPATRA_SOLDIER,9,"T,H,E, ,F,I,R,S,T, ,P,A,R,T, ,O,F, ,H,E,N,R,Y, ,T,H,E, ,S,I,X,T,H",1124,train,0.41866913123844735,2.1392383575439453
THE_TRAGEDY_OF_CORIOLANUS_FIRST_SENATOR,9,"T,H,E, ,W,I,N,T,E,R,',S, ,T,A,L,E",1866,train,0.3902857142857143,2.1946980953216553
THE_TRAGEDY_OF_JULIUS_CAESAR_LUCILIUS,9,"T,H,E, ,M,E,R,C,H,A,N,T, ,O,F, ,V,E,N,I,C,E",902,train,0.40249433106575966,2.115056276321411
THE_TRAGEDY_OF_JULIUS_CAESAR_MARULLUS,9,"A,L,L,S, ,W,E,L,L, ,T,H,A,T, ,E,N,D,S, ,W,E,L,L",1135,train,0.40476190476190477,2.0179224014282227
THE_TRAGEDY_OF_JULIUS_CAESAR_PORTIA,9,"K,I,N,G, ,H,E,N,R,Y, ,T,H,E, ,E,I,G,H,T,H",3573,train,0.4196591600730371,1.9914616346359253
THE_TRAGEDY_OF_JULIUS_CAESAR_SERVANT,9,"K,I,N,G, ,J,O,H,N",1014,train,0.37639877924720244,2.203869104385376
THE_TRAGEDY_OF_MACBETH_SERGEANT,9,"K,I,N,G, ,H,E,N,R,Y, ,T,H,E, ,E,I,G,H,T,H",1235,train,0.3595600676818951,2.290694236755371
THE_WINTER_S_TALE_PAULINA,9,"M,U,C,H, ,A,D,O, ,A,B,O,U,T, ,N,O,T,H,I,N,G",12642,train,0.4104647099930119,2.059990882873535
ALLS_WELL_THAT_ENDS_WELL_COUNTESS,9,"T,H,E, ,T,R,A,G,E,D,Y, ,O,F, ,M,A,C,B,E,T,H",11419,test,0.40896358543417366,2.0650975704193115
ALLS_WELL_THAT_ENDS_WELL_HELENA,9,"K,I,N,G, ,R,I,C,H,A,R,D, ,I,I,I",18616,test,0.44779452819653826,1.8908805847167969
ALLS_WELL_THAT_ENDS_WELL_PAROLLES,9,"T,H,E, ,T,A,M,I,N,G, ,O,F, ,T,H,E, ,S,H,R,E,W",15816,test,0.43348775645268034,1.9250415563583374
AS_YOU_LIKE_IT_OLIVER,9,"T,H,E, ,T,R,A,G,E,D,Y, ,O,F, ,J,U,L,I,U,S, ,C,A,E,S,A,R",6097,test,0.4359925788497217,1.9488822221755981
A_MIDSUMMER_NIGHT_S_DREAM_BOTTOM,9,"S,E,C,O,N,D, ,P,A,R,T, ,O,F, ,K,I,N,G, ,H,E,N,R,Y, ,I,V",8626,test,0.4255050505050505,2.041874408721924
CYMBELINE_SECOND_LORD,9,"K,I,N,G, ,R,I,C,H,A,R,D, ,T,H,E, ,S,E,C,O,N,D",1627,test,0.4782608695652174,1.985558271408081
KING_HENRY_THE_EIGHTH_CAMPEIUS,9,"M,U,C,H, ,A,D,O, ,A,B,O,U,T, ,N,O,T,H,I,N,G",1884,test,0.4152542372881356,1.970684289932251
KING_HENRY_THE_EIGHTH_QUEEN_KATHARINE,9,"A, ,M,I,D,S,U,M,M,E,R, ,N,I,G,H,T,',S, ,D,R,E,A,M",11059,test,0.4038647342995169,2.045968770980835
KING_JOHN_BASTARD,9,"S,E,C,O,N,D, ,P,A,R,T, ,O,F, ,K,I,N,G, ,H,E,N,R,Y, ,I,V",21650,test,0.39350525310410694,2.089503288269043
KING_JOHN_PRINCE_HENRY,9,"C,Y,M,B,E,L,I,N,E",1054,test,0.45714285714285713,1.7670832872390747
KING_RICHARD_III_CATESBY,9,"T,H,E, ,S,E,C,O,N,D, ,P,A,R,T, ,O,F, ,K,I,N,G, ,H,E,N,R,Y, ,T,H,E, ,S,I,X,T,H",2178,test,0.36054421768707484,2.4888648986816406
KING_RICHARD_III_CLARENCE,9,"T,H,E, ,T,R,A,G,E,D,Y, ,O,F, ,A,N,T,O,N,Y, ,A,N,D, ,C,L,E,O,P,A,T,R,A",6480,test,0.44020797227036396,1.9395060539245605
KING_RICHARD_III_PRINCE,9,"K,I,N,G, ,R,I,C,H,A,R,D, ,I,I,I",1711,test,0.32,2.918459892272949
KING_RICHARD_THE_SECOND_PERCY,9,"T,H,E, ,T,R,A,G,E,D,Y, ,O,F, ,J,U,L,I,U,S, ,C,A,E,S,A,R",1704,test,0.45,2.0076422691345215
MUCH_ADO_ABOUT_NOTHING_LEON,9,"T,H,E, ,T,R,A,G,E,D,Y, ,O,F, ,J,U,L,I,U,S, ,C,A,E,S,A,R",14208,test,0.4111111111111111,2.0596017837524414
MUCH_ADO_ABOUT_NOTHING_PEDRO,9,"K,I,N,G, ,J,O,H,N",13192,test,0.4243394715772618,1.978874921798706
SECOND_PART_OF_KING_HENRY_IV_KING,9,"T,H,E, ,F,I,R,S,T, ,P,A,R,T, ,O,F, ,H,E,N,R,Y, ,T,H,E, ,S,I,X,T,H",16509,test,0.41455696202531644,2.023700475692749
SECOND_PART_OF_KING_HENRY_IV_MORTON,9,"T,H,E, ,T,A,M,I,N,G, ,O,F, ,T,H,E, ,S,H,R,E,W",3312,test,0.3716475095785441,2.1871888637542725
THE_FIRST_PART_OF_HENRY_THE_SIXTH_BURGUNDY,9,"A,S, ,Y,O,U, ,L,I,K,E, ,I,T",1691,test,0.5,1.8319697380065918
THE_FIRST_PART_OF_HENRY_THE_SIXTH_CHARLES,9,"K,I,N,G, ,R,I,C,H,A,R,D, ,I,I,I",6037,test,0.41275797373358347,2.108081340789795
THE_MERCHANT_OF_VENICE_DUKE_OF_VENICE,9,"T,H,E, ,T,R,A,G,E,D,Y, ,O,F, ,C,O,R,I,O,L,A,N,U,S",2153,test,0.4068965517241379,2.2510769367218018
THE_SECOND_PART_OF_KING_HENRY_THE_SIXTH_YOUNG_CLIFFORD,9,"T,H,E, ,T,R,A,G,E,D,Y, ,O,F, ,J,U,L,I,U,S, ,C,A,E,S,A,R",1778,test,0.42990654205607476,1.9548566341400146
THE_TAMING_OF_THE_SHREW_CURTIS,9,"A,L,L,S, ,W,E,L,L, ,T,H,A,T, ,E,N,D,S, ,W,E,L,L",744,test,0.25,4.81254768371582
THE_TAMING_OF_THE_SHREW_GRUMIO,9,"A,L,L,S, ,W,E,L,L, ,T,H,A,T, ,E,N,D,S, ,W,E,L,L",7274,test,0.4353120243531202,2.0297276973724365
THE_TRAGEDY_OF_ANTONY_AND_CLEOPATRA_SOLDIER,9,"T,H,E, ,F,I,R,S,T, ,P,A,R,T, ,O,F, ,H,E,N,R,Y, ,T,H,E, ,S,I,X,T,H",1124,test,0.3333333333333333,2.3228628635406494
THE_TRAGEDY_OF_CORIOLANUS_FIRST_SENATOR,9,"T,H,E, ,W,I,N,T,E,R,',S, ,T,A,L,E",1866,test,0.43103448275862066,2.0365731716156006
THE_TRAGEDY_OF_JULIUS_CAESAR_LUCILIUS,9,"T,H,E, ,M,E,R,C,H,A,N,T, ,O,F, ,V,E,N,I,C,E",902,test,0.3,2.774989604949951
THE_TRAGEDY_OF_JULIUS_CAESAR_MARULLUS,9,"A,L,L,S, ,W,E,L,L, ,T,H,A,T, ,E,N,D,S, ,W,E,L,L",1135,test,0.5348837209302325,1.9219677448272705
THE_TRAGEDY_OF_JULIUS_CAESAR_PORTIA,9,"K,I,N,G, ,H,E,N,R,Y, ,T,H,E, ,E,I,G,H,T,H",3573,test,0.4076655052264808,2.0344557762145996
THE_TRAGEDY_OF_JULIUS_CAESAR_SERVANT,9,"K,I,N,G, ,J,O,H,N",1014,test,0.5806451612903226,2.0487234592437744
THE_TRAGEDY_OF_MACBETH_SERGEANT,9,"K,I,N,G, ,H,E,N,R,Y, ,T,H,E, ,E,I,G,H,T,H",1235,test,0.3018867924528302,2.2608232498168945
THE_WINTER_S_TALE_PAULINA,9,"M,U,C,H, ,A,D,O, ,A,B,O,U,T, ,N,O,T,H,I,N,G",12642,test,0.41792294807370184,2.111041307449341
ALLS_WELL_THAT_ENDS_WELL_COUNTESS,10,"T,H,E, ,T,R,A,G,E,D,Y, ,O,F, ,M,A,C,B,E,T,H",11419,train,0.4217240046385775,1.9603248834609985
ALLS_WELL_THAT_ENDS_WELL_HELENA,10,"K,I,N,G, ,R,I,C,H,A,R,D, ,I,I,I",18616,train,0.40832095096582466,2.0074660778045654
ALLS_WELL_THAT_ENDS_WELL_PAROLLES,10,"T,H,E, ,T,A,M,I,N,G, ,O,F, ,T,H,E, ,S,H,R,E,W",15816,train,0.4056623558196435,2.0426084995269775
AS_YOU_LIKE_IT_OLIVER,10,"T,H,E, ,T,R,A,G,E,D,Y, ,O,F, ,J,U,L,I,U,S, ,C,A,E,S,A,R",6097,train,0.40967974091399784,2.0420210361480713
A_MIDSUMMER_NIGHT_S_DREAM_BOTTOM,10,"S,E,C,O,N,D, ,P,A,R,T, ,O,F, ,K,I,N,G, ,H,E,N,R,Y, ,I,V",8626,train,0.4434516211386265,1.8916865587234497
CYMBELINE_SECOND_LORD,10,"K,I,N,G, ,R,I,C,H,A,R,D, ,T,H,E, ,S,E,C,O,N,D",1627,train,0.3973941368078176,2.104133129119873
KING_HENRY_THE_EIGHTH_CAMPEIUS,10,"M,U,C,H, ,A,D,O, ,A,B,O,U,T, ,N,O,T,H,I,N,G",1884,train,0.384484711211778,2.0860373973846436
KING_HENRY_THE_EIGHTH_QUEEN_KATHARINE,10,"A, ,M,I,D,S,U,M,M,E,R, ,N,I,G,H,T,',S, ,D,R,E,A,M",11059,train,0.40772146847565843,2.0081899166107178
KING_JOHN_BASTARD,10,"S,E,C,O,N,D, ,P,A,R,T, ,O,F, ,K,I,N,G, ,H,E,N,R,Y, ,I,V",21650,train,0.39547964818981385,2.0957913398742676
KING_JOHN_PRINCE_HENRY,10,"C,Y,M,B,E,L,I,N,E",1054,train,0.422963689892051,2.0192527770996094
KING_RICHARD_III_CATESBY,10,"T,H,E, ,S,E,C,O,N,D, ,P,A,R,T, ,O,F, ,K,I,N,G, ,H,E,N,R,Y, ,T,H,E, ,S,I,X,T,H",2178,train,0.4150664697193501,2.044351100921631
KING_RICHARD_III_CLARENCE,10,"T,H,E, ,T,R,A,G,E,D,Y, ,O,F, ,A,N,T,O,N,Y, ,A,N,D, ,C,L,E,O,P,A,T,R,A",6480,train,0.3938675249872946,2.0940966606140137
KING_RICHARD_III_PRINCE,10,"K,I,N,G, ,R,I,C,H,A,R,D, ,I,I,I",1711,train,0.4103041589075109,2.043765068054199
KING_RICHARD_THE_SECOND_PERCY,10,"T,H,E, ,T,R,A,G,E,D,Y, ,O,F, ,J,U,L,I,U,S, ,C,A,E,S,A,R",1704,train,0.3958852867830424,2.1489145755767822
MUCH_ADO_ABOUT_NOTHING_LEON,10,"T,H,E, ,T,R,A,G,E,D,Y, ,O,F, ,J,U,L,I,U,S, ,C,A,E,S,A,R",14208,train,0.4082283403328667,2.0455846786499023
MUCH_ADO_ABOUT_NOTHING_PEDRO,10,"K,I,N,G, ,J,O,H,N",13192,train,0.4129615674453655,2.011084794998169
SECOND_PART_OF_KING_HENRY_IV_KING,10,"T,H,E, ,F,I,R,S,T, ,P,A,R,T, ,O,F, ,H,E,N,R,Y, ,T,H,E, ,S,I,X,T,H",16509,train,0.40317502846808223,2.0594253540039062
SECOND_PART_OF_KING_HENRY_IV_MORTON,10,"T,H,E, ,T,A,M,I,N,G, ,O,F, ,T,H,E, ,S,H,R,E,W",3312,train,0.40117994100294985,2.070906639099121
THE_FIRST_PART_OF_HENRY_THE_SIXTH_BURGUNDY,10,"A,S, ,Y,O,U, ,L,I,K,E, ,I,T",1691,train,0.4005021971123666,2.1186187267303467
THE_FIRST_PART_OF_HENRY_THE_SIXTH_CHARLES,10,"K,I,N,G, ,R,I,C,H,A,R,D, ,I,I,I",6037,train,0.3964389534883721,2.100541830062866
THE_MERCHANT_OF_VENICE_DUKE_OF_VENICE,10,"T,H,E, ,T,R,A,G,E,D,Y, ,O,F, ,C,O,R,I,O,L,A,N,U,S",2153,train,0.40239043824701193,2.0754899978637695
THE_SECOND_PART_OF_KING_HENRY_THE_SIXTH_YOUNG_CLIFFORD,10,"T,H,E, ,T,R,A,G,E,D,Y, ,O,F, ,J,U,L,I,U,S, ,C,A,E,S,A,R",1778,train,0.38061041292639136,2.144977569580078
THE_TAMING_OF_THE_SHREW_CURTIS,10,"A,L,L,S, ,W,E,L,L, ,T,H,A,T, ,E,N,D,S, ,W,E,L,L",744,train,0.40675675675675677,1.999196171760559
THE_TAMING_OF_THE_SHREW_GRUMIO,10,"A,L,L,S, ,W,E,L,L, ,T,H,A,T, ,E,N,D,S, ,W,E,L,L",7274,train,0.4065286383557503,2.0424437522888184
THE_TRAGEDY_OF_ANTONY_AND_CLEOPATRA_SOLDIER,10,"T,H,E, ,F,I,R,S,T, ,P,A,R,T, ,O,F, ,H,E,N,R,Y, ,T,H,E, ,S,I,X,T,H",1124,train,0.4020332717190388,2.1151983737945557
THE_TRAGEDY_OF_CORIOLANUS_FIRST_SENATOR,10,"T,H,E, ,W,I,N,T,E,R,',S, ,T,A,L,E",1866,train,0.3914285714285714,2.15990948677063
THE_TRAGEDY_OF_JULIUS_CAESAR_LUCILIUS,10,"T,H,E, ,M,E,R,C,H,A,N,T, ,O,F, ,V,E,N,I,C,E",902,train,0.41723356009070295,2.1052634716033936
THE_TRAGEDY_OF_JULIUS_CAESAR_MARULLUS,10,"A,L,L,S, ,W,E,L,L, ,T,H,A,T, ,E,N,D,S, ,W,E,L,L",1135,train,0.40476190476190477,2.0459790229797363
THE_TRAGEDY_OF_JULIUS_CAESAR_PORTIA,10,"K,I,N,G, ,H,E,N,R,Y, ,T,H,E, ,E,I,G,H,T,H",3573,train,0.41783323189287885,1.9831464290618896
THE_TRAGEDY_OF_JULIUS_CAESAR_SERVANT,10,"K,I,N,G, ,J,O,H,N",1014,train,0.37741607324516785,2.174859046936035
THE_TRAGEDY_OF_MACBETH_SERGEANT,10,"K,I,N,G, ,H,E,N,R,Y, ,T,H,E, ,E,I,G,H,T,H",1235,train,0.34686971235194586,2.256598472595215
THE_WINTER_S_TALE_PAULINA,10,"M,U,C,H, ,A,D,O, ,A,B,O,U,T, ,N,O,T,H,I,N,G",12642,train,0.4021663172606569,2.0499422550201416
ALLS_WELL_THAT_ENDS_WELL_COUNTESS,10,"T,H,E, ,T,R,A,G,E,D,Y, ,O,F, ,M,A,C,B,E,T,H",11419,test,0.40149393090569563,2.043412446975708
ALLS_WELL_THAT_ENDS_WELL_HELENA,10,"K,I,N,G, ,R,I,C,H,A,R,D, ,I,I,I",18616,test,0.43774427694025686,1.9034669399261475
ALLS_WELL_THAT_ENDS_WELL_PAROLLES,10,"T,H,E, ,T,A,M,I,N,G, ,O,F, ,T,H,E, ,S,H,R,E,W",15816,test,0.4381204500330907,1.9274553060531616
AS_YOU_LIKE_IT_OLIVER,10,"T,H,E, ,T,R,A,G,E,D,Y, ,O,F, ,J,U,L,I,U,S, ,C,A,E,S,A,R",6097,test,0.4489795918367347,1.9298408031463623
A_MIDSUMMER_NIGHT_S_DREAM_BOTTOM,10,"S,E,C,O,N,D, ,P,A,R,T, ,O,F, ,K,I,N,G, ,H,E,N,R,Y, ,I,V",8626,test,0.42676767676767674,1.9779644012451172
CYMBELINE_SECOND_LORD,10,"K,I,N,G, ,R,I,C,H,A,R,D, ,T,H,E, ,S,E,C,O,N,D",1627,test,0.4891304347826087,1.9388386011123657
KING_HENRY_THE_EIGHTH_CAMPEIUS,10,"M,U,C,H, ,A,D,O, ,A,B,O,U,T, ,N,O,T,H,I,N,G",1884,test,0.3898305084745763,2.0104751586914062
KING_HENRY_THE_EIGHTH_QUEEN_KATHARINE,10,"A, ,M,I,D,S,U,M,M,E,R, ,N,I,G,H,T,',S, ,D,R,E,A,M",11059,test,0.41545893719806765,2.0203614234924316
KING_JOHN_BASTARD,10,"S,E,C,O,N,D, ,P,A,R,T, ,O,F, ,K,I,N,G, ,H,E,N,R,Y, ,I,V",21650,test,0.4092645654250239,2.052722215652466
KING_JOHN_PRINCE_HENRY,10,"C,Y,M,B,E,L,I,N,E",1054,test,0.42857142857142855,1.825499176979065
KING_RICHARD_III_CATESBY,10,"T,H,E, ,S,E,C,O,N,D, ,P,A,R,T, ,O,F, ,K,I,N,G, ,H,E,N,R,Y, ,T,H,E, ,S,I,X,T,H",2178,test,0.3333333333333333,2.372722625732422
KING_RICHARD_III_CLARENCE,10,"T,H,E, ,T,R,A,G,E,D,Y, ,O,F, ,A,N,T,O,N,Y, ,A,N,D, ,C,L,E,O,P,A,T,R,A",6480,test,0.4124783362218371,1.964917778968811
KING_RICHARD_III_PRINCE,10,"K,I,N,G, ,R,I,C,H,A,R,D, ,I,I,I",1711,test,0.34,2.5920095443725586
KING_RICHARD_THE_SECOND_PERCY,10,"T,H,E, ,T,R,A,G,E,D,Y, ,O,F, ,J,U,L,I,U,S, ,C,A,E,S,A,R",1704,test,0.45,1.9237372875213623
MUCH_ADO_ABOUT_NOTHING_LEON,10,"T,H,E, ,T,R,A,G,E,D,Y, ,O,F, ,J,U,L,I,U,S, ,C,A,E,S,A,R",14208,test,0.41333333333333333,2.036425828933716
MUCH_ADO_ABOUT_NOTHING_PEDRO,10,"K,I,N,G, ,J,O,H,N",13192,test,0.4419535628502802,1.951981544494629
SECOND_PART_OF_KING_HENRY_IV_KING,10,"T,H,E, ,F,I,R,S,T, ,P,A,R,T, ,O,F, ,H,E,N,R,Y, ,T,H,E, ,S,I,X,T,H",16509,test,0.42278481012658226,2.0202367305755615
SECOND_PART_OF_KING_HENRY_IV_MORTON,10,"T,H,E, ,T,A,M,I,N,G, ,O,F, ,T,H,E, ,S,H,R,E,W",3312,test,0.37547892720306514,2.1558475494384766
THE_FIRST_PART_OF_HENRY_THE_SIXTH_BURGUNDY,10,"A,S, ,Y,O,U, ,L,I,K,E, ,I,T",1691,test,0.45918367346938777,1.8419133424758911
THE_FIRST_PART_OF_HENRY_THE_SIXTH_CHARLES,10,"K,I,N,G, ,R,I,C,H,A,R,D, ,I,I,I",6037,test,0.4146341463414634,2.09861159324646
THE_MERCHANT_OF_VENICE_DUKE_OF_VENICE,10,"T,H,E, ,T,R,A,G,E,D,Y, ,O,F, ,C,O,R,I,O,L,A,N,U,S",2153,test,0.4068965517241379,2.2113475799560547
THE_SECOND_PART_OF_KING_HENRY_THE_SIXTH_YOUNG_CLIFFORD,10,"T,H,E, ,T,R,A,G,E,D,Y, ,O,F, ,J,U,L,I,U,S, ,C,A,E,S,A,R",1778,test,0.4766355140186916,1.8507033586502075
THE_TAMING_OF_THE_SHREW_CURTIS,10,"A,L,L,S, ,W,E,L,L, ,T,H,A,T, ,E,N,D,S, ,W,E,L,L",744,test,0.25,4.23497200012207
THE_TAMING_OF_THE_SHREW_GRUMIO,10,"A,L,L,S, ,W,E,L,L, ,T,H,A,T, ,E,N,D,S, ,W,E,L,L",7274,test,0.410958904109589,2.038684129714966
THE_TRAGEDY_OF_ANTONY_AND_CLEOPATRA_SOLDIER,10,"T,H,E, ,F,I,R,S,T, ,P,A,R,T, ,O,F, ,H,E,N,R,Y, ,T,H,E, ,S,I,X,T,H",1124,test,0.3333333333333333,2.3515372276306152
THE_TRAGEDY_OF_CORIOLANUS_FIRST_SENATOR,10,"T,H,E, ,W,I,N,T,E,R,',S, ,T,A,L,E",1866,test,0.4224137931034483,1.9243696928024292
THE_TRAGEDY_OF_JULIUS_CAESAR_LUCILIUS,10,"T,H,E, ,M,E,R,C,H,A,N,T, ,O,F, ,V,E,N,I,C,E",902,test,0.25,2.6461968421936035
THE_TRAGEDY_OF_JULIUS_CAESAR_MARULLUS,10,"A,L,L,S, ,W,E,L,L, ,T,H,A,T, ,E,N,D,S, ,W,E,L,L",1135,test,0.3953488372093023,2.0217835903167725
THE_TRAGEDY_OF_JULIUS_CAESAR_PORTIA,10,"K,I,N,G, ,H,E,N,R,Y, ,T,H,E, ,E,I,G,H,T,H",3573,test,0.4076655052264808,2.0180063247680664
THE_TRAGEDY_OF_JULIUS_CAESAR_SERVANT,10,"K,I,N,G, ,J,O,H,N",1014,test,0.4838709677419355,1.982886791229248
THE_TRAGEDY_OF_MACBETH_SERGEANT,10,"K,I,N,G, ,H,E,N,R,Y, ,T,H,E, ,E,I,G,H,T,H",1235,test,0.33962264150943394,2.2654621601104736
THE_WINTER_S_TALE_PAULINA,10,"M,U,C,H, ,A,D,O, ,A,B,O,U,T, ,N,O,T,H,I,N,G",12642,test,0.40787269681742044,2.1146442890167236
